Start Date,End Date,Portfolio name,Currency,Campaign Name,Ad Group Name,Targeting,Match Type,Customer Search Term,Impressions,Clicks,Click-Thru Rate (CTR),Cost Per Click (CPC),Spend,7 Day Total Sales ,Total Advertising Cost of Sales (ACOS) ,Total Return on Advertising Spend (ROAS),7 Day Total Orders (#),7 Day Total Units (#),7 Day Conversion Rate,7 Day Advertised SKU Units (#),7 Day Other SKU Units (#),7 Day Advertised SKU Sales ,7 Day Other SKU Sales 
2023-06-19,2023-06-19,Halley - ESF,USD,Halley - Campaign 1,Halley - AdGroup 1,keyword: protein shaker bottle,Broad,protein shaker bottle,8289,70,0.0084,0.81,56.84,246.56,0.2305,4.3378,9,9,0.1286,9,0,246.56,0
2023-05-01,2023-05-01,Halley - ESF,USD,Halley - Campaign 1,Halley - AdGroup 1,keyword: protein shaker bottle,Exact,protein shaker bottle,68,0,0.0,0.0,0.0,0.0,0.0,0.0,0,0,0.0,0,0,0.0,0
2023-09-11,2023-09-11,Halley - ESF,USD,Halley - Campaign 1,Halley - AdGroup 1,keyword: protein shaker bottle,Phrase,protein shaker bottle,297,0,0.0,0.0,0.0,0.0,0.0,0.0,0,0,0.0,0,0,0.0,0
2023-04-10,2023-04-10,Halley - ESF,USD,Halley - Campaign 1,Halley - AdGroup 1,keyword: air purifier hepa,Phrase,air purifier hepa,82,0,0.0,0.0,0.0,0.0,0.0,0.0,0,0,0.0,0,0,0.0,0
2023-05-22,2023-05-22,Halley - ESF,USD,Halley - Campaign 1,Halley - AdGroup 1,keyword: air purifier hepa,Phrase,air purifier hepa,192,0,0.0,0.0,0.0,0.0,0.0,0.0,0,0,0.0,0,0,0.0,0
2023-04-03,2023-04-03,Halley - ESF,USD,Halley - Campaign 1,Halley - AdGroup 1,keyword: air purifier hepa,Phrase,air purifier hepa,67,0,0.0,0.0,0.0,0.0,0.0,0.0,0,0,0.0,0,0,0.0,0
2023-07-03,2023-07-03,Halley - ESF,USD,Halley - Campaign 1,Halley - AdGroup 1,keyword: premium bath towels,Phrase,premium bath towels,606,3,0.005,0.81,2.44,9.23,0.2644,3.7828,0,0,0.0,0,0,9.23,0
2023-10-30,2023-10-30,Halley - ESF,USD,Halley - Campaign 1,Halley - AdGroup 1,keyword: premium bath towels,Exact,premium bath towels,189,0,0.0,0.0,0.0,0.0,0.0,0.0,0,0,0.0,0,0,0.0,0
2023-04-03,2023-04-03,Halley - ESF,USD,Halley - Campaign 1,Halley - AdGroup 1,keyword: premium bath towels,Phrase,premium bath towels,129,0,0.0,0.0,0.0,0.0,0.0,0.0,0,0,0.0,0,0,0.0,0
2023-10-02,2023-10-02,Halley - ESF,USD,Halley - Campaign 1,Halley - AdGroup 1,keyword: baby soft towel,Phrase,baby soft towel,683,1,0.0015,1.41,1.41,3.62,0.3895,2.5674,0,0,0.0,0,0,3.62,0
2023-06-26,2023-06-26,Halley - ESF,USD,Halley - Campaign 1,Halley - AdGroup 1,keyword: baby soft towel,Phrase,baby soft towel,898,9,0.01,1.47,13.2,21.03,0.6277,1.5932,0,0,0.0,0,0,21.03,0
2023-06-05,2023-06-05,Halley - ESF,USD,Halley - Campaign 1,Halley - AdGroup 1,keyword: baby soft towel,Phrase,baby soft towel,225,0,0.0,0.0,0.0,0.0,0.0,0.0,0,0,0.0,0,0,0.0,0
2023-12-18,2023-12-18,Halley - ESF,USD,Halley - Campaign 1,Halley - AdGroup 1,keyword: desk accessories,Exact,desk accessories,959,3,0.0031,1.03,3.1,8.23,0.3767,2.6548,0,0,0.0,0,0,8.23,0
2023-01-30,2023-01-30,Halley - ESF,USD,Halley - Campaign 1,Halley - AdGroup 1,keyword: desk accessories,Exact,desk accessories,166,0,0.0,0.0,0.0,0.0,0.0,0.0,0,0,0.0,0,0,0.0,0
2023-05-15,2023-05-15,Halley - ESF,USD,Halley - Campaign 1,Halley - AdGroup 1,keyword: desk accessories,Exact,desk accessories,48,0,0.0,0.0,0.0,0.0,0.0,0.0,0,0,0.0,0,0,0.0,0
2023-07-03,2023-07-03,Harveast - ESF,USD,Harveast - Campaign 1,Harveast - AdGroup 2,keyword: spa gift set,Exact,spa gift set,43,0,0.0,0.0,0.0,0.0,0.0,0.0,0,0,0.0,0,0,0.0,0
2023-04-24,2023-04-24,Harveast - ESF,USD,Harveast - Campaign 1,Harveast - AdGroup 2,keyword: spa gift set,Broad,spa gift set,407,0,0.0,0.0,0.0,0.0,0.0,0.0,0,0,0.0,0,0,0.0,0
2023-01-09,2023-01-09,Harveast - ESF,USD,Harveast - Campaign 1,Harveast - AdGroup 2,keyword: spa gift set,Exact,spa gift set,120,1,0.0083,0.36,0.36,1.09,0.3303,3.0278,0,0,0.0,0,0,1.09,0
2023-11-20,2023-11-20,Harveast - ESF,USD,Harveast - Campaign 1,Harveast - AdGroup 2,keyword: dried figs snack,Exact,dried figs snack,141,0,0.0,0.0,0.0,0.0,0.0,0.0,0,0,0.0,0,0,0.0,0
2023-07-31,2023-07-31,Harveast - ESF,USD,Harveast - Campaign 1,Harveast - AdGroup 2,keyword: dried figs snack,Exact,dried figs snack,120,0,0.0,0.0,0.0,0.0,0.0,0.0,0,0,0.0,0,0,0.0,0
2023-04-03,2023-04-03,Harveast - ESF,USD,Harveast - Campaign 1,Harveast - AdGroup 2,keyword: dried figs snack,Broad,dried figs snack,272,1,0.0037,1.33,1.33,4.61,0.2885,3.4662,0,0,0.0,0,0,4.61,0
2023-01-02,2023-01-02,Harveast - ESF,USD,Harveast - Campaign 1,Harveast - AdGroup 2,keyword: air freshener home,Broad,air freshener home,51,0,0.0,0.0,0.0,0.0,0.0,0.0,0,0,0.0,0,0,0.0,0
2023-12-04,2023-12-04,Harveast - ESF,USD,Harveast - Campaign 1,Harveast - AdGroup 2,keyword: air freshener home,Broad,air freshener home,44,0,0.0,0.0,0.0,0.0,0.0,0.0,0,0,0.0,0,0,0.0,0
2023-09-11,2023-09-11,Harveast - ESF,USD,Harveast - Campaign 1,Harveast - AdGroup 2,keyword: air freshener home,Exact,air freshener home,403,0,0.0,0.0,0.0,0.0,0.0,0.0,0,0,0.0,0,0,0.0,0
2023-06-05,2023-06-05,Harveast - ESF,USD,Harveast - Campaign 1,Harveast - AdGroup 2,keyword: baby soft towel,Phrase,baby soft towel,13,0,0.0,0.0,0.0,0.0,0.0,0.0,0,0,0.0,0,0,0.0,0
2023-03-27,2023-03-27,Harveast - ESF,USD,Harveast - Campaign 1,Harveast - AdGroup 2,keyword: baby soft towel,Broad,baby soft towel,135,0,0.0,0.0,0.0,0.0,0.0,0.0,0,0,0.0,0,0,0.0,0
2023-05-08,2023-05-08,Harveast - ESF,USD,Harveast - Campaign 1,Harveast - AdGroup 2,keyword: baby soft towel,Broad,baby soft towel,515,0,0.0,0.0,0.0,0.0,0.0,0.0,0,0,0.0,0,0,0.0,0
2023-01-02,2023-01-02,Harveast - ESF,USD,Harveast - Campaign 1,Harveast - AdGroup 2,keyword: essential oil diffuser,Broad,essential oil diffuser,1291,2,0.0015,0.64,1.27,3.15,0.4032,2.4803,0,0,0.0,0,0,3.15,0
2023-01-16,2023-01-16,Harveast - ESF,USD,Harveast - Campaign 1,Harveast - AdGroup 2,keyword: essential oil diffuser,Broad,essential oil diffuser,460,1,0.0022,0.48,0.48,0.91,0.5275,1.8958,0,0,0.0,0,0,0.91,0
2023-05-15,2023-05-15,Harveast - ESF,USD,Harveast - Campaign 1,Harveast - AdGroup 2,keyword: essential oil diffuser,Broad,essential oil diffuser,279,3,0.0108,0.47,1.41,2.29,0.6157,1.6241,0,0,0.0,0,0,2.29,0
2023-06-26,2023-06-26,Bioblas - ESF,USD,BioBlas - Campaign 1,BioBlas - AdGroup 3,keyword: camping tent 4 person,Phrase,camping tent 4 person,429,0,0.0,0.0,0.0,0.0,0.0,0.0,0,0,0.0,0,0,0.0,0
2023-06-05,2023-06-05,Bioblas - ESF,USD,BioBlas - Campaign 1,BioBlas - AdGroup 3,keyword: camping tent 4 person,Phrase,camping tent 4 person,154,0,0.0,0.0,0.0,0.0,0.0,0.0,0,0,0.0,0,0,0.0,0
2023-08-21,2023-08-21,Bioblas - ESF,USD,BioBlas - Campaign 1,BioBlas - AdGroup 3,keyword: camping tent 4 person,Broad,camping tent 4 person,1237,3,0.0024,1.46,4.37,8.94,0.4888,2.0458,0,0,0.0,0,0,8.94,0
2023-09-11,2023-09-11,Bioblas - ESF,USD,BioBlas - Campaign 1,BioBlas - AdGroup 3,keyword: air purifier hepa,Phrase,air purifier hepa,536,13,0.0243,1.43,18.63,65.89,0.2827,3.5368,1,1,0.0769,1,0,65.89,0
2023-10-02,2023-10-02,Bioblas - ESF,USD,BioBlas - Campaign 1,BioBlas - AdGroup 3,keyword: air purifier hepa,Broad,air purifier hepa,539,4,0.0074,0.53,2.11,3.59,0.5877,1.7014,0,0,0.0,0,0,3.59,0
2023-04-03,2023-04-03,Bioblas - ESF,USD,BioBlas - Campaign 1,BioBlas - AdGroup 3,keyword: air purifier hepa,Exact,air purifier hepa,61,0,0.0,0.0,0.0,0.0,0.0,0.0,0,0,0.0,0,0,0.0,0
2023-09-04,2023-09-04,Bioblas - ESF,USD,BioBlas - Campaign 1,BioBlas - AdGroup 3,keyword: desk accessories,Broad,desk accessories,83,0,0.0,0.0,0.0,0.0,0.0,0.0,0,0,0.0,0,0,0.0,0
2023-06-12,2023-06-12,Bioblas - ESF,USD,BioBlas - Campaign 1,BioBlas - AdGroup 3,keyword: desk accessories,Exact,desk accessories,267,3,0.0112,0.53,1.59,4.13,0.385,2.5975,0,0,0.0,0,0,4.13,0
2023-01-23,2023-01-23,Bioblas - ESF,USD,BioBlas - Campaign 1,BioBlas - AdGroup 3,keyword: desk accessories,Broad,desk accessories,71,0,0.0,0.0,0.0,0.0,0.0,0.0,0,0,0.0,0,0,0.0,0
2023-05-15,2023-05-15,Bioblas - ESF,USD,BioBlas - Campaign 1,BioBlas - AdGroup 3,keyword: spa gift set,Broad,spa gift set,37,1,0.027,0.52,0.52,1.35,0.3852,2.5962,0,0,0.0,0,0,1.35,0
2023-07-24,2023-07-24,Bioblas - ESF,USD,BioBlas - Campaign 1,BioBlas - AdGroup 3,keyword: spa gift set,Phrase,spa gift set,356,3,0.0084,0.66,1.98,3.51,0.5641,1.7727,0,0,0.0,0,0,3.51,0
2023-05-08,2023-05-08,Bioblas - ESF,USD,BioBlas - Campaign 1,BioBlas - AdGroup 3,keyword: spa gift set,Exact,spa gift set,83,0,0.0,0.0,0.0,0.0,0.0,0.0,0,0,0.0,0,0,0.0,0
2023-06-26,2023-06-26,Bioblas - ESF,USD,BioBlas - Campaign 1,BioBlas - AdGroup 3,keyword: natural fruit snack,Exact,natural fruit snack,126,0,0.0,0.0,0.0,0.0,0.0,0.0,0,0,0.0,0,0,0.0,0
2023-12-18,2023-12-18,Bioblas - ESF,USD,BioBlas - Campaign 1,BioBlas - AdGroup 3,keyword: natural fruit snack,Broad,natural fruit snack,21,0,0.0,0.0,0.0,0.0,0.0,0.0,0,0,0.0,0,0,0.0,0
2023-08-28,2023-08-28,Bioblas - ESF,USD,BioBlas - Campaign 1,BioBlas - AdGroup 3,keyword: natural fruit snack,Exact,natural fruit snack,128,0,0.0,0.0,0.0,0.0,0.0,0.0,0,0,0.0,0,0,0.0,0
2023-08-07,2023-08-07,Orient Therapy - ESF,USD,OrientTherapy - Campaign 1,OrientTherapy - AdGroup 4,keyword: premium bath towels,Broad,premium bath towels,136,0,0.0,0.0,0.0,0.0,0.0,0.0,0,0,0.0,0,0,0.0,0
2023-07-17,2023-07-17,Orient Therapy - ESF,USD,OrientTherapy - Campaign 1,OrientTherapy - AdGroup 4,keyword: premium bath towels,Broad,premium bath towels,858,2,0.0023,0.67,1.33,1.93,0.6891,1.4511,0,0,0.0,0,0,1.93,0
2023-05-08,2023-05-08,Orient Therapy - ESF,USD,OrientTherapy - Campaign 1,OrientTherapy - AdGroup 4,keyword: premium bath towels,Broad,premium bath towels,320,2,0.0063,0.94,1.89,2.89,0.654,1.5291,0,0,0.0,0,0,2.89,0
2023-03-13,2023-03-13,Orient Therapy - ESF,USD,OrientTherapy - Campaign 1,OrientTherapy - AdGroup 4,keyword: hiking backpack,Phrase,hiking backpack,72,0,0.0,0.0,0.0,0.0,0.0,0.0,0,0,0.0,0,0,0.0,0
2023-09-04,2023-09-04,Orient Therapy - ESF,USD,OrientTherapy - Campaign 1,OrientTherapy - AdGroup 4,keyword: hiking backpack,Broad,hiking backpack,295,5,0.0169,0.52,2.59,4.14,0.6256,1.5985,0,0,0.0,0,0,4.14,0
2023-10-02,2023-10-02,Orient Therapy - ESF,USD,OrientTherapy - Campaign 1,OrientTherapy - AdGroup 4,keyword: hiking backpack,Broad,hiking backpack,69,0,0.0,0.0,0.0,0.0,0.0,0.0,0,0,0.0,0,0,0.0,0
2023-10-02,2023-10-02,Orient Therapy - ESF,USD,OrientTherapy - Campaign 1,OrientTherapy - AdGroup 4,keyword: infant care kit,Phrase,infant care kit,220,0,0.0,0.0,0.0,0.0,0.0,0.0,0,0,0.0,0,0,0.0,0
2023-12-18,2023-12-18,Orient Therapy - ESF,USD,OrientTherapy - Campaign 1,OrientTherapy - AdGroup 4,keyword: infant care kit,Broad,infant care kit,33,0,0.0,0.0,0.0,0.0,0.0,0.0,0,0,0.0,0,0,0.0,0
2023-04-10,2023-04-10,Orient Therapy - ESF,USD,OrientTherapy - Campaign 1,OrientTherapy - AdGroup 4,keyword: infant care kit,Broad,infant care kit,98,0,0.0,0.0,0.0,0.0,0.0,0.0,0,0,0.0,0,0,0.0,0
2023-04-10,2023-04-10,Orient Therapy - ESF,USD,OrientTherapy - Campaign 1,OrientTherapy - AdGroup 4,keyword: turkish cotton towel,Exact,turkish cotton towel,161,0,0.0,0.0,0.0,0.0,0.0,0.0,0,0,0.0,0,0,0.0,0
2023-03-27,2023-03-27,Orient Therapy - ESF,USD,OrientTherapy - Campaign 1,OrientTherapy - AdGroup 4,keyword: turkish cotton towel,Phrase,turkish cotton towel,175,0,0.0,0.0,0.0,0.0,0.0,0.0,0,0,0.0,0,0,0.0,0
2023-04-24,2023-04-24,Orient Therapy - ESF,USD,OrientTherapy - Campaign 1,OrientTherapy - AdGroup 4,keyword: turkish cotton towel,Broad,turkish cotton towel,142,0,0.0,0.0,0.0,0.0,0.0,0.0,0,0,0.0,0,0,0.0,0
2023-07-17,2023-07-17,Orient Therapy - ESF,USD,OrientTherapy - Campaign 1,OrientTherapy - AdGroup 4,keyword: office desk organizer,Phrase,office desk organizer,1285,0,0.0,0.0,0.0,0.0,0.0,0.0,0,0,0.0,0,0,0.0,0
2023-07-10,2023-07-10,Orient Therapy - ESF,USD,OrientTherapy - Campaign 1,OrientTherapy - AdGroup 4,keyword: office desk organizer,Exact,office desk organizer,9,0,0.0,0.0,0.0,0.0,0.0,0.0,0,0,0.0,0,0,0.0,0
2023-03-06,2023-03-06,Orient Therapy - ESF,USD,OrientTherapy - Campaign 1,OrientTherapy - AdGroup 4,keyword: office desk organizer,Phrase,office desk organizer,423,0,0.0,0.0,0.0,0.0,0.0,0.0,0,0,0.0,0,0,0.0,0
2023-11-27,2023-11-27,Jumbo Jumble - ESF,USD,JumboJumble - Campaign 1,JumboJumble - AdGroup 5,keyword: air purifier hepa,Broad,air purifier hepa,80,0,0.0,0.0,0.0,0.0,0.0,0.0,0,0,0.0,0,0,0.0,0
2023-09-18,2023-09-18,Jumbo Jumble - ESF,USD,JumboJumble - Campaign 1,JumboJumble - AdGroup 5,keyword: air purifier hepa,Exact,air purifier hepa,10,0,0.0,0.0,0.0,0.0,0.0,0.0,0,0,0.0,0,0,0.0,0
2023-09-04,2023-09-04,Jumbo Jumble - ESF,USD,JumboJumble - Campaign 1,JumboJumble - AdGroup 5,keyword: air purifier hepa,Broad,air purifier hepa,176,0,0.0,0.0,0.0,0.0,0.0,0.0,0,0,0.0,0,0,0.0,0
2023-02-27,2023-02-27,Jumbo Jumble - ESF,USD,JumboJumble - Campaign 1,JumboJumble - AdGroup 5,keyword: premium bath towels,Exact,premium bath towels,291,2,0.0069,0.85,1.7,2.23,0.7623,1.3118,0,0,0.0,0,0,2.23,0
2023-08-28,2023-08-28,Jumbo Jumble - ESF,USD,JumboJumble - Campaign 1,JumboJumble - AdGroup 5,keyword: premium bath towels,Phrase,premium bath towels,665,4,0.006,1.26,5.03,6.78,0.7419,1.3479,0,0,0.0,0,0,6.78,0
2023-05-08,2023-05-08,Jumbo Jumble - ESF,USD,JumboJumble - Campaign 1,JumboJumble - AdGroup 5,keyword: premium bath towels,Exact,premium bath towels,112,0,0.0,0.0,0.0,0.0,0.0,0.0,0,0,0.0,0,0,0.0,0
2023-12-25,2023-12-25,Jumbo Jumble - ESF,USD,JumboJumble - Campaign 1,JumboJumble - AdGroup 5,keyword: turkish cotton towel,Phrase,turkish cotton towel,6,0,0.0,0.0,0.0,0.0,0.0,0.0,0,0,0.0,0,0,0.0,0
2023-02-27,2023-02-27,Jumbo Jumble - ESF,USD,JumboJumble - Campaign 1,JumboJumble - AdGroup 5,keyword: turkish cotton towel,Phrase,turkish cotton towel,481,1,0.0021,1.28,1.28,2.11,0.6066,1.6484,0,0,0.0,0,0,2.11,0
2023-05-08,2023-05-08,Jumbo Jumble - ESF,USD,JumboJumble - Campaign 1,JumboJumble - AdGroup 5,keyword: turkish cotton towel,Exact,turkish cotton towel,66,0,0.0,0.0,0.0,0.0,0.0,0.0,0,0,0.0,0,0,0.0,0
2023-12-11,2023-12-11,Jumbo Jumble - ESF,USD,JumboJumble - Campaign 1,JumboJumble - AdGroup 5,keyword: outdoor gear,Phrase,outdoor gear,16,0,0.0,0.0,0.0,0.0,0.0,0.0,0,0,0.0,0,0,0.0,0
2023-02-13,2023-02-13,Jumbo Jumble - ESF,USD,JumboJumble - Campaign 1,JumboJumble - AdGroup 5,keyword: outdoor gear,Exact,outdoor gear,125,1,0.008,1.29,1.29,3.31,0.3897,2.5659,0,0,0.0,0,0,3.31,0
2023-07-31,2023-07-31,Jumbo Jumble - ESF,USD,JumboJumble - Campaign 1,JumboJumble - AdGroup 5,keyword: outdoor gear,Phrase,outdoor gear,183,0,0.0,0.0,0.0,0.0,0.0,0.0,0,0,0.0,0,0,0.0,0
2023-01-23,2023-01-23,Jumbo Jumble - ESF,USD,JumboJumble - Campaign 1,JumboJumble - AdGroup 5,keyword: air freshener home,Phrase,air freshener home,156,1,0.0064,1.07,1.07,4.13,0.2591,3.8598,0,0,0.0,0,0,4.13,0
2023-06-19,2023-06-19,Jumbo Jumble - ESF,USD,JumboJumble - Campaign 1,JumboJumble - AdGroup 5,keyword: air freshener home,Exact,air freshener home,56,0,0.0,0.0,0.0,0.0,0.0,0.0,0,0,0.0,0,0,0.0,0
2023-06-12,2023-06-12,Jumbo Jumble - ESF,USD,JumboJumble - Campaign 1,JumboJumble - AdGroup 5,keyword: air freshener home,Broad,air freshener home,79,0,0.0,0.0,0.0,0.0,0.0,0.0,0,0,0.0,0,0,0.0,0
2023-12-25,2023-12-25,Halley - ESF,USD,NaturPlus - Campaign 2,NaturPlus - AdGroup 1,keyword: outdoor gear,Exact,outdoor gear,19,0,0.0,0.0,0.0,0.0,0.0,0.0,0,0,0.0,0,0,0.0,0
2023-09-18,2023-09-18,Halley - ESF,USD,NaturPlus - Campaign 2,NaturPlus - AdGroup 1,keyword: outdoor gear,Exact,outdoor gear,41,0,0.0,0.0,0.0,0.0,0.0,0.0,0,0,0.0,0,0,0.0,0
2023-12-18,2023-12-18,Halley - ESF,USD,NaturPlus - Campaign 2,NaturPlus - AdGroup 1,keyword: outdoor gear,Broad,outdoor gear,69,0,0.0,0.0,0.0,0.0,0.0,0.0,0,0,0.0,0,0,0.0,0
2023-08-07,2023-08-07,Halley - ESF,USD,NaturPlus - Campaign 2,NaturPlus - AdGroup 1,keyword: hiking backpack,Broad,hiking backpack,68,0,0.0,0.0,0.0,0.0,0.0,0.0,0,0,0.0,0,0,0.0,0
2023-04-17,2023-04-17,Halley - ESF,USD,NaturPlus - Campaign 2,NaturPlus - AdGroup 1,keyword: hiking backpack,Broad,hiking backpack,250,2,0.008,1.25,2.51,14.78,0.1698,5.8884,0,0,0.0,0,0,14.78,0
2023-10-09,2023-10-09,Halley - ESF,USD,NaturPlus - Campaign 2,NaturPlus - AdGroup 1,keyword: hiking backpack,Exact,hiking backpack,208,0,0.0,0.0,0.0,0.0,0.0,0.0,0,0,0.0,0,0,0.0,0
2023-01-16,2023-01-16,Halley - ESF,USD,NaturPlus - Campaign 2,NaturPlus - AdGroup 1,keyword: natural fruit snack,Phrase,natural fruit snack,308,0,0.0,0.0,0.0,0.0,0.0,0.0,0,0,0.0,0,0,0.0,0
2023-04-17,2023-04-17,Halley - ESF,USD,NaturPlus - Campaign 2,NaturPlus - AdGroup 1,keyword: natural fruit snack,Broad,natural fruit snack,436,5,0.0115,1.27,6.34,10.23,0.6197,1.6136,0,0,0.0,0,0,10.23,0
2023-11-06,2023-11-06,Halley - ESF,USD,NaturPlus - Campaign 2,NaturPlus - AdGroup 1,keyword: natural fruit snack,Phrase,natural fruit snack,11,0,0.0,0.0,0.0,0.0,0.0,0.0,0,0,0.0,0,0,0.0,0
2023-05-08,2023-05-08,Halley - ESF,USD,NaturPlus - Campaign 2,NaturPlus - AdGroup 1,keyword: newborn bath set,Phrase,newborn bath set,2667,2,0.0007,1.26,2.52,3.35,0.7522,1.3294,0,0,0.0,0,0,3.35,0
2023-11-06,2023-11-06,Halley - ESF,USD,NaturPlus - Campaign 2,NaturPlus - AdGroup 1,keyword: newborn bath set,Exact,newborn bath set,110,0,0.0,0.0,0.0,0.0,0.0,0.0,0,0,0.0,0,0,0.0,0
2023-01-16,2023-01-16,Halley - ESF,USD,NaturPlus - Campaign 2,NaturPlus - AdGroup 1,keyword: newborn bath set,Exact,newborn bath set,31,0,0.0,0.0,0.0,0.0,0.0,0.0,0,0,0.0,0,0,0.0,0
2023-05-22,2023-05-22,Halley - ESF,USD,NaturPlus - Campaign 2,NaturPlus - AdGroup 1,keyword: premium bath towels,Broad,premium bath towels,52,0,0.0,0.0,0.0,0.0,0.0,0.0,0,0,0.0,0,0,0.0,0
2023-11-27,2023-11-27,Halley - ESF,USD,NaturPlus - Campaign 2,NaturPlus - AdGroup 1,keyword: premium bath towels,Phrase,premium bath towels,101,0,0.0,0.0,0.0,0.0,0.0,0.0,0,0,0.0,0,0,0.0,0
2023-12-04,2023-12-04,Halley - ESF,USD,NaturPlus - Campaign 2,NaturPlus - AdGroup 1,keyword: premium bath towels,Exact,premium bath towels,85,0,0.0,0.0,0.0,0.0,0.0,0.0,0,0,0.0,0,0,0.0,0
2023-03-06,2023-03-06,Harveast - ESF,USD,EcoHome - Campaign 2,EcoHome - AdGroup 2,keyword: spa gift set,Exact,spa gift set,514,0,0.0,0.0,0.0,0.0,0.0,0.0,0,0,0.0,0,0,0.0,0
2023-02-20,2023-02-20,Harveast - ESF,USD,EcoHome - Campaign 2,EcoHome - AdGroup 2,keyword: spa gift set,Exact,spa gift set,18,0,0.0,0.0,0.0,0.0,0.0,0.0,0,0,0.0,0,0,0.0,0
2023-06-19,2023-06-19,Harveast - ESF,USD,EcoHome - Campaign 2,EcoHome - AdGroup 2,keyword: spa gift set,Broad,spa gift set,95,0,0.0,0.0,0.0,0.0,0.0,0.0,0,0,0.0,0,0,0.0,0
2023-11-27,2023-11-27,Harveast - ESF,USD,EcoHome - Campaign 2,EcoHome - AdGroup 2,keyword: outdoor gear,Phrase,outdoor gear,1504,2,0.0013,0.94,1.89,7.98,0.2368,4.2222,0,0,0.0,0,0,7.98,0
2023-01-02,2023-01-02,Harveast - ESF,USD,EcoHome - Campaign 2,EcoHome - AdGroup 2,keyword: outdoor gear,Broad,outdoor gear,96,0,0.0,0.0,0.0,0.0,0.0,0.0,0,0,0.0,0,0,0.0,0
2023-11-06,2023-11-06,Harveast - ESF,USD,EcoHome - Campaign 2,EcoHome - AdGroup 2,keyword: outdoor gear,Phrase,outdoor gear,62,0,0.0,0.0,0.0,0.0,0.0,0.0,0,0,0.0,0,0,0.0,0
2023-08-14,2023-08-14,Harveast - ESF,USD,EcoHome - Campaign 2,EcoHome - AdGroup 2,keyword: organic hand towel set,Phrase,organic hand towel set,136,0,0.0,0.0,0.0,0.0,0.0,0.0,0,0,0.0,0,0,0.0,0
2023-09-25,2023-09-25,Harveast - ESF,USD,EcoHome - Campaign 2,EcoHome - AdGroup 2,keyword: organic hand towel set,Phrase,organic hand towel set,52,0,0.0,0.0,0.0,0.0,0.0,0.0,0,0,0.0,0,0,0.0,0
2023-09-18,2023-09-18,Harveast - ESF,USD,EcoHome - Campaign 2,EcoHome - AdGroup 2,keyword: organic hand towel set,Exact,organic hand towel set,589,0,0.0,0.0,0.0,0.0,0.0,0.0,0,0,0.0,0,0,0.0,0
2023-10-30,2023-10-30,Harveast - ESF,USD,EcoHome - Campaign 2,EcoHome - AdGroup 2,keyword: vegan snack pack,Broad,vegan snack pack,295,0,0.0,0.0,0.0,0.0,0.0,0.0,0,0,0.0,0,0,0.0,0
2023-06-05,2023-06-05,Harveast - ESF,USD,EcoHome - Campaign 2,EcoHome - AdGroup 2,keyword: vegan snack pack,Phrase,vegan snack pack,24,0,0.0,0.0,0.0,0.0,0.0,0.0,0,0,0.0,0,0,0.0,0
2023-01-30,2023-01-30,Harveast - ESF,USD,EcoHome - Campaign 2,EcoHome - AdGroup 2,keyword: vegan snack pack,Exact,vegan snack pack,402,2,0.005,1.05,2.1,2.87,0.7317,1.3667,0,0,0.0,0,0,2.87,0
2023-10-23,2023-10-23,Harveast - ESF,USD,EcoHome - Campaign 2,EcoHome - AdGroup 2,keyword: dried figs snack,Broad,dried figs snack,281,3,0.0107,1.44,4.31,8.31,0.5187,1.9281,0,0,0.0,0,0,8.31,0
2023-04-03,2023-04-03,Harveast - ESF,USD,EcoHome - Campaign 2,EcoHome - AdGroup 2,keyword: dried figs snack,Phrase,dried figs snack,1313,10,0.0076,0.62,6.22,14.93,0.4166,2.4003,0,0,0.0,0,0,14.93,0
2023-03-13,2023-03-13,Harveast - ESF,USD,EcoHome - Campaign 2,EcoHome - AdGroup 2,keyword: dried figs snack,Phrase,dried figs snack,195,0,0.0,0.0,0.0,0.0,0.0,0.0,0,0,0.0,0,0,0.0,0
2023-06-26,2023-06-26,Bioblas - ESF,USD,VitaGreen - Campaign 2,VitaGreen - AdGroup 3,keyword: baby soft towel,Broad,baby soft towel,139,0,0.0,0.0,0.0,0.0,0.0,0.0,0,0,0.0,0,0,0.0,0
2023-06-05,2023-06-05,Bioblas - ESF,USD,VitaGreen - Campaign 2,VitaGreen - AdGroup 3,keyword: baby soft towel,Exact,baby soft towel,402,0,0.0,0.0,0.0,0.0,0.0,0.0,0,0,0.0,0,0,0.0,0
2023-08-28,2023-08-28,Bioblas - ESF,USD,VitaGreen - Campaign 2,VitaGreen - AdGroup 3,keyword: baby soft towel,Broad,baby soft towel,831,3,0.0036,1.41,4.24,20.62,0.2056,4.8632,0,0,0.0,0,0,20.62,0
2023-05-22,2023-05-22,Bioblas - ESF,USD,VitaGreen - Campaign 2,VitaGreen - AdGroup 3,keyword: hiking backpack,Phrase,hiking backpack,53,0,0.0,0.0,0.0,0.0,0.0,0.0,0,0,0.0,0,0,0.0,0
2023-12-11,2023-12-11,Bioblas - ESF,USD,VitaGreen - Campaign 2,VitaGreen - AdGroup 3,keyword: hiking backpack,Exact,hiking backpack,130,0,0.0,0.0,0.0,0.0,0.0,0.0,0,0,0.0,0,0,0.0,0
2023-07-03,2023-07-03,Bioblas - ESF,USD,VitaGreen - Campaign 2,VitaGreen - AdGroup 3,keyword: hiking backpack,Exact,hiking backpack,500,8,0.016,0.78,6.26,15.45,0.4052,2.4681,0,0,0.0,0,0,15.45,0
2023-12-25,2023-12-25,Bioblas - ESF,USD,VitaGreen - Campaign 2,VitaGreen - AdGroup 3,keyword: organic hand towel set,Exact,organic hand towel set,208,0,0.0,0.0,0.0,0.0,0.0,0.0,0,0,0.0,0,0,0.0,0
2023-03-06,2023-03-06,Bioblas - ESF,USD,VitaGreen - Campaign 2,VitaGreen - AdGroup 3,keyword: organic hand towel set,Phrase,organic hand towel set,146,1,0.0068,0.66,0.66,1.04,0.6346,1.5758,0,0,0.0,0,0,1.04,0
2023-10-16,2023-10-16,Bioblas - ESF,USD,VitaGreen - Campaign 2,VitaGreen - AdGroup 3,keyword: organic hand towel set,Exact,organic hand towel set,433,15,0.0346,0.75,11.29,33.74,0.3346,2.9885,0,0,0.0,0,0,33.74,0
2023-01-09,2023-01-09,Bioblas - ESF,USD,VitaGreen - Campaign 2,VitaGreen - AdGroup 3,keyword: aromatherapy oil,Broad,aromatherapy oil,26,0,0.0,0.0,0.0,0.0,0.0,0.0,0,0,0.0,0,0,0.0,0
2023-10-16,2023-10-16,Bioblas - ESF,USD,VitaGreen - Campaign 2,VitaGreen - AdGroup 3,keyword: aromatherapy oil,Exact,aromatherapy oil,74,0,0.0,0.0,0.0,0.0,0.0,0.0,0,0,0.0,0,0,0.0,0
2023-10-23,2023-10-23,Bioblas - ESF,USD,VitaGreen - Campaign 2,VitaGreen - AdGroup 3,keyword: aromatherapy oil,Exact,aromatherapy oil,365,1,0.0027,1.21,1.21,9.43,0.1283,7.7934,0,0,0.0,0,0,9.43,0
2023-04-10,2023-04-10,Bioblas - ESF,USD,VitaGreen - Campaign 2,VitaGreen - AdGroup 3,keyword: turkish cotton towel,Broad,turkish cotton towel,69,0,0.0,0.0,0.0,0.0,0.0,0.0,0,0,0.0,0,0,0.0,0
2023-11-13,2023-11-13,Bioblas - ESF,USD,VitaGreen - Campaign 2,VitaGreen - AdGroup 3,keyword: turkish cotton towel,Broad,turkish cotton towel,119,2,0.0168,1.32,2.64,15.9,0.166,6.0227,0,0,0.0,0,0,15.9,0
2023-03-13,2023-03-13,Bioblas - ESF,USD,VitaGreen - Campaign 2,VitaGreen - AdGroup 3,keyword: turkish cotton towel,Exact,turkish cotton towel,61,0,0.0,0.0,0.0,0.0,0.0,0.0,0,0,0.0,0,0,0.0,0
2023-07-10,2023-07-10,Orient Therapy - ESF,USD,Halley - Campaign 2,Halley - AdGroup 4,keyword: camping tent 4 person,Broad,camping tent 4 person,191,6,0.0314,0.94,5.66,7.13,0.7938,1.2597,0,0,0.0,0,0,7.13,0
2023-08-28,2023-08-28,Orient Therapy - ESF,USD,Halley - Campaign 2,Halley - AdGroup 4,keyword: camping tent 4 person,Phrase,camping tent 4 person,80,1,0.0125,0.42,0.42,0.83,0.506,1.9762,0,0,0.0,0,0,0.83,0
2023-07-03,2023-07-03,Orient Therapy - ESF,USD,Halley - Campaign 2,Halley - AdGroup 4,keyword: camping tent 4 person,Phrase,camping tent 4 person,1092,13,0.0119,0.97,12.58,89.26,0.1409,7.0954,3,3,0.2308,3,0,89.26,0
2023-12-04,2023-12-04,Orient Therapy - ESF,USD,Halley - Campaign 2,Halley - AdGroup 4,keyword: home office supplies,Broad,home office supplies,68,0,0.0,0.0,0.0,0.0,0.0,0.0,0,0,0.0,0,0,0.0,0
2023-02-27,2023-02-27,Orient Therapy - ESF,USD,Halley - Campaign 2,Halley - AdGroup 4,keyword: home office supplies,Phrase,home office supplies,261,0,0.0,0.0,0.0,0.0,0.0,0.0,0,0,0.0,0,0,0.0,0
2023-10-30,2023-10-30,Orient Therapy - ESF,USD,Halley - Campaign 2,Halley - AdGroup 4,keyword: home office supplies,Phrase,home office supplies,190,1,0.0053,0.83,0.83,1.78,0.4663,2.1446,0,0,0.0,0,0,1.78,0
2023-08-21,2023-08-21,Orient Therapy - ESF,USD,Halley - Campaign 2,Halley - AdGroup 4,keyword: vegan snack pack,Phrase,vegan snack pack,36,0,0.0,0.0,0.0,0.0,0.0,0.0,0,0,0.0,0,0,0.0,0
2023-05-22,2023-05-22,Orient Therapy - ESF,USD,Halley - Campaign 2,Halley - AdGroup 4,keyword: vegan snack pack,Exact,vegan snack pack,141,0,0.0,0.0,0.0,0.0,0.0,0.0,0,0,0.0,0,0,0.0,0
2023-12-11,2023-12-11,Orient Therapy - ESF,USD,Halley - Campaign 2,Halley - AdGroup 4,keyword: vegan snack pack,Exact,vegan snack pack,144,0,0.0,0.0,0.0,0.0,0.0,0.0,0,0,0.0,0,0,0.0,0
2023-07-10,2023-07-10,Orient Therapy - ESF,USD,Halley - Campaign 2,Halley - AdGroup 4,keyword: fitness accessories,Broad,fitness accessories,47,0,0.0,0.0,0.0,0.0,0.0,0.0,0,0,0.0,0,0,0.0,0
2023-11-20,2023-11-20,Orient Therapy - ESF,USD,Halley - Campaign 2,Halley - AdGroup 4,keyword: fitness accessories,Phrase,fitness accessories,64,0,0.0,0.0,0.0,0.0,0.0,0.0,0,0,0.0,0,0,0.0,0
2023-02-27,2023-02-27,Orient Therapy - ESF,USD,Halley - Campaign 2,Halley - AdGroup 4,keyword: fitness accessories,Broad,fitness accessories,523,2,0.0038,1.27,2.54,11.27,0.2254,4.437,0,0,0.0,0,0,11.27,0
2023-05-15,2023-05-15,Orient Therapy - ESF,USD,Halley - Campaign 2,Halley - AdGroup 4,keyword: hiking backpack,Phrase,hiking backpack,598,0,0.0,0.0,0.0,0.0,0.0,0.0,0,0,0.0,0,0,0.0,0
2023-11-06,2023-11-06,Orient Therapy - ESF,USD,Halley - Campaign 2,Halley - AdGroup 4,keyword: hiking backpack,Exact,hiking backpack,124,1,0.0081,0.94,0.94,1.43,0.6573,1.5213,0,0,0.0,0,0,1.43,0
2023-01-30,2023-01-30,Orient Therapy - ESF,USD,Halley - Campaign 2,Halley - AdGroup 4,keyword: hiking backpack,Exact,hiking backpack,251,2,0.008,0.89,1.77,3.87,0.4574,2.1864,0,0,0.0,0,0,3.87,0
2023-03-06,2023-03-06,Jumbo Jumble - ESF,USD,Harveast - Campaign 2,Harveast - AdGroup 5,keyword: camping tent 4 person,Exact,camping tent 4 person,39,0,0.0,0.0,0.0,0.0,0.0,0.0,0,0,0.0,0,0,0.0,0
2023-12-04,2023-12-04,Jumbo Jumble - ESF,USD,Harveast - Campaign 2,Harveast - AdGroup 5,keyword: camping tent 4 person,Broad,camping tent 4 person,50,0,0.0,0.0,0.0,0.0,0.0,0.0,0,0,0.0,0,0,0.0,0
2023-07-03,2023-07-03,Jumbo Jumble - ESF,USD,Harveast - Campaign 2,Harveast - AdGroup 5,keyword: camping tent 4 person,Broad,camping tent 4 person,260,0,0.0,0.0,0.0,0.0,0.0,0.0,0,0,0.0,0,0,0.0,0
2023-02-20,2023-02-20,Jumbo Jumble - ESF,USD,Harveast - Campaign 2,Harveast - AdGroup 5,keyword: turkish cotton towel,Phrase,turkish cotton towel,516,1,0.0019,0.32,0.32,1.26,0.254,3.9375,0,0,0.0,0,0,1.26,0
2023-11-27,2023-11-27,Jumbo Jumble - ESF,USD,Harveast - Campaign 2,Harveast - AdGroup 5,keyword: turkish cotton towel,Broad,turkish cotton towel,23,0,0.0,0.0,0.0,0.0,0.0,0.0,0,0,0.0,0,0,0.0,0
2023-09-04,2023-09-04,Jumbo Jumble - ESF,USD,Harveast - Campaign 2,Harveast - AdGroup 5,keyword: turkish cotton towel,Broad,turkish cotton towel,357,1,0.0028,1.15,1.15,8.0,0.1437,6.9565,0,0,0.0,0,0,8.0,0
2023-11-27,2023-11-27,Jumbo Jumble - ESF,USD,Harveast - Campaign 2,Harveast - AdGroup 5,keyword: protein shaker bottle,Broad,protein shaker bottle,52,0,0.0,0.0,0.0,0.0,0.0,0.0,0,0,0.0,0,0,0.0,0
2023-03-13,2023-03-13,Jumbo Jumble - ESF,USD,Harveast - Campaign 2,Harveast - AdGroup 5,keyword: protein shaker bottle,Phrase,protein shaker bottle,1497,4,0.0027,1.35,5.39,52.49,0.1027,9.7384,0,0,0.0,0,0,52.49,0
2023-08-28,2023-08-28,Jumbo Jumble - ESF,USD,Harveast - Campaign 2,Harveast - AdGroup 5,keyword: protein shaker bottle,Exact,protein shaker bottle,165,0,0.0,0.0,0.0,0.0,0.0,0.0,0,0,0.0,0,0,0.0,0
2023-04-17,2023-04-17,Jumbo Jumble - ESF,USD,Harveast - Campaign 2,Harveast - AdGroup 5,keyword: newborn bath set,Phrase,newborn bath set,493,1,0.002,0.3,0.3,0.86,0.3488,2.8667,0,0,0.0,0,0,0.86,0
2023-09-04,2023-09-04,Jumbo Jumble - ESF,USD,Harveast - Campaign 2,Harveast - AdGroup 5,keyword: newborn bath set,Exact,newborn bath set,21,0,0.0,0.0,0.0,0.0,0.0,0.0,0,0,0.0,0,0,0.0,0
2023-11-13,2023-11-13,Jumbo Jumble - ESF,USD,Harveast - Campaign 2,Harveast - AdGroup 5,keyword: newborn bath set,Phrase,newborn bath set,408,1,0.0025,1.23,1.23,1.93,0.6373,1.5691,0,0,0.0,0,0,1.93,0
2023-06-26,2023-06-26,Jumbo Jumble - ESF,USD,Harveast - Campaign 2,Harveast - AdGroup 5,keyword: spa gift set,Phrase,spa gift set,48,0,0.0,0.0,0.0,0.0,0.0,0.0,0,0,0.0,0,0,0.0,0
2023-08-28,2023-08-28,Jumbo Jumble - ESF,USD,Harveast - Campaign 2,Harveast - AdGroup 5,keyword: spa gift set,Exact,spa gift set,2822,18,0.0064,1.42,25.56,36.49,0.7005,1.4276,0,0,0.0,0,0,36.49,0
2023-11-06,2023-11-06,Jumbo Jumble - ESF,USD,Harveast - Campaign 2,Harveast - AdGroup 5,keyword: spa gift set,Exact,spa gift set,67,0,0.0,0.0,0.0,0.0,0.0,0.0,0,0,0.0,0,0,0.0,0
2023-07-03,2023-07-03,Halley - ESF,USD,BioBlas - Campaign 3,BioBlas - AdGroup 1,keyword: newborn bath set,Exact,newborn bath set,926,4,0.0043,0.91,3.63,6.67,0.5442,1.8375,0,0,0.0,0,0,6.67,0
2023-11-27,2023-11-27,Halley - ESF,USD,BioBlas - Campaign 3,BioBlas - AdGroup 1,keyword: newborn bath set,Phrase,newborn bath set,146,0,0.0,0.0,0.0,0.0,0.0,0.0,0,0,0.0,0,0,0.0,0
2023-02-06,2023-02-06,Halley - ESF,USD,BioBlas - Campaign 3,BioBlas - AdGroup 1,keyword: newborn bath set,Broad,newborn bath set,256,0,0.0,0.0,0.0,0.0,0.0,0.0,0,0,0.0,0,0,0.0,0
2023-07-10,2023-07-10,Halley - ESF,USD,BioBlas - Campaign 3,BioBlas - AdGroup 1,keyword: massage oil relaxing,Broad,massage oil relaxing,57,0,0.0,0.0,0.0,0.0,0.0,0.0,0,0,0.0,0,0,0.0,0
2023-09-04,2023-09-04,Halley - ESF,USD,BioBlas - Campaign 3,BioBlas - AdGroup 1,keyword: massage oil relaxing,Broad,massage oil relaxing,31,0,0.0,0.0,0.0,0.0,0.0,0.0,0,0,0.0,0,0,0.0,0
2023-05-15,2023-05-15,Halley - ESF,USD,BioBlas - Campaign 3,BioBlas - AdGroup 1,keyword: massage oil relaxing,Exact,massage oil relaxing,148,0,0.0,0.0,0.0,0.0,0.0,0.0,0,0,0.0,0,0,0.0,0
2023-03-06,2023-03-06,Halley - ESF,USD,BioBlas - Campaign 3,BioBlas - AdGroup 1,keyword: office desk organizer,Broad,office desk organizer,62,0,0.0,0.0,0.0,0.0,0.0,0.0,0,0,0.0,0,0,0.0,0
2023-02-13,2023-02-13,Halley - ESF,USD,BioBlas - Campaign 3,BioBlas - AdGroup 1,keyword: office desk organizer,Exact,office desk organizer,33,0,0.0,0.0,0.0,0.0,0.0,0.0,0,0,0.0,0,0,0.0,0
2023-10-30,2023-10-30,Halley - ESF,USD,BioBlas - Campaign 3,BioBlas - AdGroup 1,keyword: office desk organizer,Exact,office desk organizer,19,0,0.0,0.0,0.0,0.0,0.0,0.0,0,0,0.0,0,0,0.0,0
2023-07-31,2023-07-31,Halley - ESF,USD,BioBlas - Campaign 3,BioBlas - AdGroup 1,keyword: air purifier hepa,Phrase,air purifier hepa,230,1,0.0043,1.43,1.43,2.32,0.6164,1.6224,0,0,0.0,0,0,2.32,0
2023-05-22,2023-05-22,Halley - ESF,USD,BioBlas - Campaign 3,BioBlas - AdGroup 1,keyword: air purifier hepa,Phrase,air purifier hepa,110,0,0.0,0.0,0.0,0.0,0.0,0.0,0,0,0.0,0,0,0.0,0
2023-11-13,2023-11-13,Halley - ESF,USD,BioBlas - Campaign 3,BioBlas - AdGroup 1,keyword: air purifier hepa,Exact,air purifier hepa,2289,5,0.0022,0.41,2.07,15.87,0.1304,7.6667,0,0,0.0,0,0,15.87,0
2023-06-12,2023-06-12,Halley - ESF,USD,BioBlas - Campaign 3,BioBlas - AdGroup 1,keyword: protein shaker bottle,Exact,protein shaker bottle,210,0,0.0,0.0,0.0,0.0,0.0,0.0,0,0,0.0,0,0,0.0,0
2023-09-18,2023-09-18,Halley - ESF,USD,BioBlas - Campaign 3,BioBlas - AdGroup 1,keyword: protein shaker bottle,Phrase,protein shaker bottle,1,0,0.0,0.0,0.0,0.0,0.0,0.0,0,0,0.0,0,0,0.0,0
2023-03-13,2023-03-13,Halley - ESF,USD,BioBlas - Campaign 3,BioBlas - AdGroup 1,keyword: protein shaker bottle,Exact,protein shaker bottle,272,2,0.0074,0.59,1.19,7.8,0.1526,6.5546,0,0,0.0,0,0,7.8,0
2023-02-20,2023-02-20,Harveast - ESF,USD,OrientTherapy - Campaign 3,OrientTherapy - AdGroup 2,keyword: spa gift set,Exact,spa gift set,41,0,0.0,0.0,0.0,0.0,0.0,0.0,0,0,0.0,0,0,0.0,0
2023-06-05,2023-06-05,Harveast - ESF,USD,OrientTherapy - Campaign 3,OrientTherapy - AdGroup 2,keyword: spa gift set,Phrase,spa gift set,549,0,0.0,0.0,0.0,0.0,0.0,0.0,0,0,0.0,0,0,0.0,0
2023-09-18,2023-09-18,Harveast - ESF,USD,OrientTherapy - Campaign 3,OrientTherapy - AdGroup 2,keyword: spa gift set,Exact,spa gift set,942,1,0.0011,1.09,1.09,4.85,0.2247,4.4495,0,0,0.0,0,0,4.85,0
2023-11-20,2023-11-20,Harveast - ESF,USD,OrientTherapy - Campaign 3,OrientTherapy - AdGroup 2,keyword: aromatherapy oil,Phrase,aromatherapy oil,343,1,0.0029,0.77,0.77,2.15,0.3581,2.7922,0,0,0.0,0,0,2.15,0
2023-03-06,2023-03-06,Harveast - ESF,USD,OrientTherapy - Campaign 3,OrientTherapy - AdGroup 2,keyword: aromatherapy oil,Exact,aromatherapy oil,36,0,0.0,0.0,0.0,0.0,0.0,0.0,0,0,0.0,0,0,0.0,0
2023-11-06,2023-11-06,Harveast - ESF,USD,OrientTherapy - Campaign 3,OrientTherapy - AdGroup 2,keyword: aromatherapy oil,Broad,aromatherapy oil,32,0,0.0,0.0,0.0,0.0,0.0,0.0,0,0,0.0,0,0,0.0,0
2023-02-27,2023-02-27,Harveast - ESF,USD,OrientTherapy - Campaign 3,OrientTherapy - AdGroup 2,keyword: camping tent 4 person,Broad,camping tent 4 person,356,2,0.0056,0.55,1.09,2.05,0.5317,1.8807,0,0,0.0,0,0,2.05,0
2023-05-22,2023-05-22,Harveast - ESF,USD,OrientTherapy - Campaign 3,OrientTherapy - AdGroup 2,keyword: camping tent 4 person,Phrase,camping tent 4 person,188,0,0.0,0.0,0.0,0.0,0.0,0.0,0,0,0.0,0,0,0.0,0
2023-07-17,2023-07-17,Harveast - ESF,USD,OrientTherapy - Campaign 3,OrientTherapy - AdGroup 2,keyword: camping tent 4 person,Phrase,camping tent 4 person,3188,5,0.0016,1.11,5.53,10.24,0.54,1.8517,0,0,0.0,0,0,10.24,0
2023-11-27,2023-11-27,Harveast - ESF,USD,OrientTherapy - Campaign 3,OrientTherapy - AdGroup 2,keyword: gym water bottle,Exact,gym water bottle,751,5,0.0067,1.0,4.98,9.48,0.5253,1.9036,0,0,0.0,0,0,9.48,0
2023-05-15,2023-05-15,Harveast - ESF,USD,OrientTherapy - Campaign 3,OrientTherapy - AdGroup 2,keyword: gym water bottle,Phrase,gym water bottle,120,0,0.0,0.0,0.0,0.0,0.0,0.0,0,0,0.0,0,0,0.0,0
2023-02-27,2023-02-27,Harveast - ESF,USD,OrientTherapy - Campaign 3,OrientTherapy - AdGroup 2,keyword: gym water bottle,Phrase,gym water bottle,2475,23,0.0093,0.81,18.58,23.46,0.792,1.2626,1,1,0.0435,1,0,23.46,0
2023-09-11,2023-09-11,Harveast - ESF,USD,OrientTherapy - Campaign 3,OrientTherapy - AdGroup 2,keyword: home office supplies,Exact,home office supplies,71,0,0.0,0.0,0.0,0.0,0.0,0.0,0,0,0.0,0,0,0.0,0
2023-10-02,2023-10-02,Harveast - ESF,USD,OrientTherapy - Campaign 3,OrientTherapy - AdGroup 2,keyword: home office supplies,Phrase,home office supplies,71,1,0.0141,1.24,1.24,2.95,0.4203,2.379,0,0,0.0,0,0,2.95,0
2023-06-26,2023-06-26,Harveast - ESF,USD,OrientTherapy - Campaign 3,OrientTherapy - AdGroup 2,keyword: home office supplies,Exact,home office supplies,327,0,0.0,0.0,0.0,0.0,0.0,0.0,0,0,0.0,0,0,0.0,0
2023-08-14,2023-08-14,Bioblas - ESF,USD,JumboJumble - Campaign 3,JumboJumble - AdGroup 3,keyword: baby soft towel,Phrase,baby soft towel,83,0,0.0,0.0,0.0,0.0,0.0,0.0,0,0,0.0,0,0,0.0,0
2023-03-27,2023-03-27,Bioblas - ESF,USD,JumboJumble - Campaign 3,JumboJumble - AdGroup 3,keyword: baby soft towel,Phrase,baby soft towel,166,0,0.0,0.0,0.0,0.0,0.0,0.0,0,0,0.0,0,0,0.0,0
2023-12-25,2023-12-25,Bioblas - ESF,USD,JumboJumble - Campaign 3,JumboJumble - AdGroup 3,keyword: baby soft towel,Exact,baby soft towel,96,0,0.0,0.0,0.0,0.0,0.0,0.0,0,0,0.0,0,0,0.0,0
2023-05-29,2023-05-29,Bioblas - ESF,USD,JumboJumble - Campaign 3,JumboJumble - AdGroup 3,keyword: dried figs snack,Exact,dried figs snack,66,0,0.0,0.0,0.0,0.0,0.0,0.0,0,0,0.0,0,0,0.0,0
2023-04-03,2023-04-03,Bioblas - ESF,USD,JumboJumble - Campaign 3,JumboJumble - AdGroup 3,keyword: dried figs snack,Exact,dried figs snack,91,0,0.0,0.0,0.0,0.0,0.0,0.0,0,0,0.0,0,0,0.0,0
2023-06-26,2023-06-26,Bioblas - ESF,USD,JumboJumble - Campaign 3,JumboJumble - AdGroup 3,keyword: dried figs snack,Phrase,dried figs snack,110,0,0.0,0.0,0.0,0.0,0.0,0.0,0,0,0.0,0,0,0.0,0
2023-01-02,2023-01-02,Bioblas - ESF,USD,JumboJumble - Campaign 3,JumboJumble - AdGroup 3,keyword: massage oil relaxing,Broad,massage oil relaxing,731,2,0.0027,0.5,1.0,1.82,0.5495,1.82,0,0,0.0,0,0,1.82,0
2023-12-18,2023-12-18,Bioblas - ESF,USD,JumboJumble - Campaign 3,JumboJumble - AdGroup 3,keyword: massage oil relaxing,Broad,massage oil relaxing,19,0,0.0,0.0,0.0,0.0,0.0,0.0,0,0,0.0,0,0,0.0,0
2023-09-25,2023-09-25,Bioblas - ESF,USD,JumboJumble - Campaign 3,JumboJumble - AdGroup 3,keyword: massage oil relaxing,Phrase,massage oil relaxing,118,0,0.0,0.0,0.0,0.0,0.0,0.0,0,0,0.0,0,0,0.0,0
2023-01-16,2023-01-16,Bioblas - ESF,USD,JumboJumble - Campaign 3,JumboJumble - AdGroup 3,keyword: essential oil diffuser,Broad,essential oil diffuser,98,0,0.0,0.0,0.0,0.0,0.0,0.0,0,0,0.0,0,0,0.0,0
2023-06-26,2023-06-26,Bioblas - ESF,USD,JumboJumble - Campaign 3,JumboJumble - AdGroup 3,keyword: essential oil diffuser,Phrase,essential oil diffuser,1031,5,0.0048,1.31,6.54,29.02,0.2254,4.4373,1,1,0.2,1,0,29.02,0
2023-05-08,2023-05-08,Bioblas - ESF,USD,JumboJumble - Campaign 3,JumboJumble - AdGroup 3,keyword: essential oil diffuser,Broad,essential oil diffuser,166,0,0.0,0.0,0.0,0.0,0.0,0.0,0,0,0.0,0,0,0.0,0
2023-01-02,2023-01-02,Bioblas - ESF,USD,JumboJumble - Campaign 3,JumboJumble - AdGroup 3,keyword: turkish cotton towel,Exact,turkish cotton towel,70,0,0.0,0.0,0.0,0.0,0.0,0.0,0,0,0.0,0,0,0.0,0
2023-09-04,2023-09-04,Bioblas - ESF,USD,JumboJumble - Campaign 3,JumboJumble - AdGroup 3,keyword: turkish cotton towel,Phrase,turkish cotton towel,76,0,0.0,0.0,0.0,0.0,0.0,0.0,0,0,0.0,0,0,0.0,0
2023-08-28,2023-08-28,Bioblas - ESF,USD,JumboJumble - Campaign 3,JumboJumble - AdGroup 3,keyword: turkish cotton towel,Broad,turkish cotton towel,61,0,0.0,0.0,0.0,0.0,0.0,0.0,0,0,0.0,0,0,0.0,0
2023-09-04,2023-09-04,Orient Therapy - ESF,USD,NaturPlus - Campaign 3,NaturPlus - AdGroup 4,keyword: newborn bath set,Phrase,newborn bath set,233,5,0.0215,1.48,7.41,27.9,0.2656,3.7652,1,1,0.2,1,0,27.9,0
2023-06-05,2023-06-05,Orient Therapy - ESF,USD,NaturPlus - Campaign 3,NaturPlus - AdGroup 4,keyword: newborn bath set,Broad,newborn bath set,81,0,0.0,0.0,0.0,0.0,0.0,0.0,0,0,0.0,0,0,0.0,0
2023-07-03,2023-07-03,Orient Therapy - ESF,USD,NaturPlus - Campaign 3,NaturPlus - AdGroup 4,keyword: newborn bath set,Phrase,newborn bath set,2194,1,0.0005,0.3,0.3,2.27,0.1322,7.5667,0,0,0.0,0,0,2.27,0
2023-12-04,2023-12-04,Orient Therapy - ESF,USD,NaturPlus - Campaign 3,NaturPlus - AdGroup 4,keyword: desk accessories,Phrase,desk accessories,1513,4,0.0026,0.42,1.69,2.34,0.7222,1.3846,0,0,0.0,0,0,2.34,0
2023-10-30,2023-10-30,Orient Therapy - ESF,USD,NaturPlus - Campaign 3,NaturPlus - AdGroup 4,keyword: desk accessories,Phrase,desk accessories,117,0,0.0,0.0,0.0,0.0,0.0,0.0,0,0,0.0,0,0,0.0,0
2023-06-26,2023-06-26,Orient Therapy - ESF,USD,NaturPlus - Campaign 3,NaturPlus - AdGroup 4,keyword: desk accessories,Exact,desk accessories,11468,9,0.0008,0.76,6.88,40.96,0.168,5.9535,1,1,0.1111,1,0,40.96,0
2023-03-27,2023-03-27,Orient Therapy - ESF,USD,NaturPlus - Campaign 3,NaturPlus - AdGroup 4,keyword: protein shaker bottle,Phrase,protein shaker bottle,179,0,0.0,0.0,0.0,0.0,0.0,0.0,0,0,0.0,0,0,0.0,0
2023-07-17,2023-07-17,Orient Therapy - ESF,USD,NaturPlus - Campaign 3,NaturPlus - AdGroup 4,keyword: protein shaker bottle,Exact,protein shaker bottle,17,0,0.0,0.0,0.0,0.0,0.0,0.0,0,0,0.0,0,0,0.0,0
2023-08-28,2023-08-28,Orient Therapy - ESF,USD,NaturPlus - Campaign 3,NaturPlus - AdGroup 4,keyword: protein shaker bottle,Exact,protein shaker bottle,786,1,0.0013,1.21,1.21,1.64,0.7378,1.3554,0,0,0.0,0,0,1.64,0
2023-02-20,2023-02-20,Orient Therapy - ESF,USD,NaturPlus - Campaign 3,NaturPlus - AdGroup 4,keyword: essential oil diffuser,Broad,essential oil diffuser,31,0,0.0,0.0,0.0,0.0,0.0,0.0,0,0,0.0,0,0,0.0,0
2023-08-21,2023-08-21,Orient Therapy - ESF,USD,NaturPlus - Campaign 3,NaturPlus - AdGroup 4,keyword: essential oil diffuser,Broad,essential oil diffuser,80,0,0.0,0.0,0.0,0.0,0.0,0.0,0,0,0.0,0,0,0.0,0
2023-07-31,2023-07-31,Orient Therapy - ESF,USD,NaturPlus - Campaign 3,NaturPlus - AdGroup 4,keyword: essential oil diffuser,Broad,essential oil diffuser,55,0,0.0,0.0,0.0,0.0,0.0,0.0,0,0,0.0,0,0,0.0,0
2023-01-23,2023-01-23,Orient Therapy - ESF,USD,NaturPlus - Campaign 3,NaturPlus - AdGroup 4,keyword: camping tent 4 person,Phrase,camping tent 4 person,299,0,0.0,0.0,0.0,0.0,0.0,0.0,0,0,0.0,0,0,0.0,0
2023-04-10,2023-04-10,Orient Therapy - ESF,USD,NaturPlus - Campaign 3,NaturPlus - AdGroup 4,keyword: camping tent 4 person,Broad,camping tent 4 person,37,0,0.0,0.0,0.0,0.0,0.0,0.0,0,0,0.0,0,0,0.0,0
2023-05-01,2023-05-01,Orient Therapy - ESF,USD,NaturPlus - Campaign 3,NaturPlus - AdGroup 4,keyword: camping tent 4 person,Phrase,camping tent 4 person,106,0,0.0,0.0,0.0,0.0,0.0,0.0,0,0,0.0,0,0,0.0,0
2023-05-15,2023-05-15,Jumbo Jumble - ESF,USD,EcoHome - Campaign 3,EcoHome - AdGroup 5,keyword: aromatherapy oil,Broad,aromatherapy oil,191,0,0.0,0.0,0.0,0.0,0.0,0.0,0,0,0.0,0,0,0.0,0
2023-01-16,2023-01-16,Jumbo Jumble - ESF,USD,EcoHome - Campaign 3,EcoHome - AdGroup 5,keyword: aromatherapy oil,Exact,aromatherapy oil,59,0,0.0,0.0,0.0,0.0,0.0,0.0,0,0,0.0,0,0,0.0,0
2023-06-19,2023-06-19,Jumbo Jumble - ESF,USD,EcoHome - Campaign 3,EcoHome - AdGroup 5,keyword: aromatherapy oil,Phrase,aromatherapy oil,35,0,0.0,0.0,0.0,0.0,0.0,0.0,0,0,0.0,0,0,0.0,0
2023-07-10,2023-07-10,Jumbo Jumble - ESF,USD,EcoHome - Campaign 3,EcoHome - AdGroup 5,keyword: fitness accessories,Broad,fitness accessories,240,0,0.0,0.0,0.0,0.0,0.0,0.0,0,0,0.0,0,0,0.0,0
2023-12-11,2023-12-11,Jumbo Jumble - ESF,USD,EcoHome - Campaign 3,EcoHome - AdGroup 5,keyword: fitness accessories,Broad,fitness accessories,71,0,0.0,0.0,0.0,0.0,0.0,0.0,0,0,0.0,0,0,0.0,0
2023-03-20,2023-03-20,Jumbo Jumble - ESF,USD,EcoHome - Campaign 3,EcoHome - AdGroup 5,keyword: fitness accessories,Broad,fitness accessories,422,1,0.0024,1.42,1.42,2.57,0.5525,1.8099,0,0,0.0,0,0,2.57,0
2023-04-24,2023-04-24,Jumbo Jumble - ESF,USD,EcoHome - Campaign 3,EcoHome - AdGroup 5,keyword: massage oil relaxing,Exact,massage oil relaxing,187,1,0.0053,0.88,0.88,2.36,0.3729,2.6818,0,0,0.0,0,0,2.36,0
2023-08-07,2023-08-07,Jumbo Jumble - ESF,USD,EcoHome - Campaign 3,EcoHome - AdGroup 5,keyword: massage oil relaxing,Phrase,massage oil relaxing,260,1,0.0038,1.24,1.24,3.44,0.3605,2.7742,0,0,0.0,0,0,3.44,0
2023-05-15,2023-05-15,Jumbo Jumble - ESF,USD,EcoHome - Campaign 3,EcoHome - AdGroup 5,keyword: massage oil relaxing,Broad,massage oil relaxing,538,5,0.0093,0.69,3.46,20.66,0.1675,5.9711,0,0,0.0,0,0,20.66,0
2023-08-28,2023-08-28,Jumbo Jumble - ESF,USD,EcoHome - Campaign 3,EcoHome - AdGroup 5,keyword: vegan snack pack,Broad,vegan snack pack,179,0,0.0,0.0,0.0,0.0,0.0,0.0,0,0,0.0,0,0,0.0,0
2023-04-10,2023-04-10,Jumbo Jumble - ESF,USD,EcoHome - Campaign 3,EcoHome - AdGroup 5,keyword: vegan snack pack,Broad,vegan snack pack,79,0,0.0,0.0,0.0,0.0,0.0,0.0,0,0,0.0,0,0,0.0,0
2023-05-22,2023-05-22,Jumbo Jumble - ESF,USD,EcoHome - Campaign 3,EcoHome - AdGroup 5,keyword: vegan snack pack,Exact,vegan snack pack,59,0,0.0,0.0,0.0,0.0,0.0,0.0,0,0,0.0,0,0,0.0,0
2023-01-23,2023-01-23,Jumbo Jumble - ESF,USD,EcoHome - Campaign 3,EcoHome - AdGroup 5,keyword: outdoor gear,Broad,outdoor gear,530,6,0.0113,0.6,3.59,18.95,0.1894,5.2786,0,0,0.0,0,0,18.95,0
2023-01-02,2023-01-02,Jumbo Jumble - ESF,USD,EcoHome - Campaign 3,EcoHome - AdGroup 5,keyword: outdoor gear,Phrase,outdoor gear,842,1,0.0012,1.42,1.42,9.62,0.1476,6.7746,0,0,0.0,0,0,9.62,0
2023-11-27,2023-11-27,Jumbo Jumble - ESF,USD,EcoHome - Campaign 3,EcoHome - AdGroup 5,keyword: outdoor gear,Broad,outdoor gear,224,0,0.0,0.0,0.0,0.0,0.0,0.0,0,0,0.0,0,0,0.0,0
2023-12-11,2023-12-11,Halley - ESF,USD,VitaGreen - Campaign 4,VitaGreen - AdGroup 1,keyword: infant care kit,Exact,infant care kit,12,0,0.0,0.0,0.0,0.0,0.0,0.0,0,0,0.0,0,0,0.0,0
2023-05-01,2023-05-01,Halley - ESF,USD,VitaGreen - Campaign 4,VitaGreen - AdGroup 1,keyword: infant care kit,Exact,infant care kit,1368,0,0.0,0.0,0.0,0.0,0.0,0.0,0,0,0.0,0,0,0.0,0
2023-08-28,2023-08-28,Halley - ESF,USD,VitaGreen - Campaign 4,VitaGreen - AdGroup 1,keyword: infant care kit,Broad,infant care kit,107,0,0.0,0.0,0.0,0.0,0.0,0.0,0,0,0.0,0,0,0.0,0
2023-09-18,2023-09-18,Halley - ESF,USD,VitaGreen - Campaign 4,VitaGreen - AdGroup 1,keyword: spa gift set,Broad,spa gift set,13,0,0.0,0.0,0.0,0.0,0.0,0.0,0,0,0.0,0,0,0.0,0
2023-10-23,2023-10-23,Halley - ESF,USD,VitaGreen - Campaign 4,VitaGreen - AdGroup 1,keyword: spa gift set,Phrase,spa gift set,109,0,0.0,0.0,0.0,0.0,0.0,0.0,0,0,0.0,0,0,0.0,0
2023-05-15,2023-05-15,Halley - ESF,USD,VitaGreen - Campaign 4,VitaGreen - AdGroup 1,keyword: spa gift set,Phrase,spa gift set,155,0,0.0,0.0,0.0,0.0,0.0,0.0,0,0,0.0,0,0,0.0,0
2023-06-12,2023-06-12,Halley - ESF,USD,VitaGreen - Campaign 4,VitaGreen - AdGroup 1,keyword: protein shaker bottle,Broad,protein shaker bottle,78,0,0.0,0.0,0.0,0.0,0.0,0.0,0,0,0.0,0,0,0.0,0
2023-10-02,2023-10-02,Halley - ESF,USD,VitaGreen - Campaign 4,VitaGreen - AdGroup 1,keyword: protein shaker bottle,Phrase,protein shaker bottle,80,0,0.0,0.0,0.0,0.0,0.0,0.0,0,0,0.0,0,0,0.0,0
2023-02-06,2023-02-06,Halley - ESF,USD,VitaGreen - Campaign 4,VitaGreen - AdGroup 1,keyword: protein shaker bottle,Phrase,protein shaker bottle,826,3,0.0036,0.67,2.01,12.19,0.1649,6.0647,0,0,0.0,0,0,12.19,0
2023-05-01,2023-05-01,Halley - ESF,USD,VitaGreen - Campaign 4,VitaGreen - AdGroup 1,keyword: outdoor gear,Phrase,outdoor gear,5,0,0.0,0.0,0.0,0.0,0.0,0.0,0,0,0.0,0,0,0.0,0
2023-07-31,2023-07-31,Halley - ESF,USD,VitaGreen - Campaign 4,VitaGreen - AdGroup 1,keyword: outdoor gear,Exact,outdoor gear,21,0,0.0,0.0,0.0,0.0,0.0,0.0,0,0,0.0,0,0,0.0,0
2023-04-10,2023-04-10,Halley - ESF,USD,VitaGreen - Campaign 4,VitaGreen - AdGroup 1,keyword: outdoor gear,Phrase,outdoor gear,30,0,0.0,0.0,0.0,0.0,0.0,0.0,0,0,0.0,0,0,0.0,0
2023-02-20,2023-02-20,Halley - ESF,USD,VitaGreen - Campaign 4,VitaGreen - AdGroup 1,keyword: aromatherapy oil,Exact,aromatherapy oil,886,9,0.0102,0.44,3.99,7.88,0.5063,1.9749,0,0,0.0,0,0,7.88,0
2023-12-18,2023-12-18,Halley - ESF,USD,VitaGreen - Campaign 4,VitaGreen - AdGroup 1,keyword: aromatherapy oil,Exact,aromatherapy oil,24,0,0.0,0.0,0.0,0.0,0.0,0.0,0,0,0.0,0,0,0.0,0
2023-07-24,2023-07-24,Halley - ESF,USD,VitaGreen - Campaign 4,VitaGreen - AdGroup 1,keyword: aromatherapy oil,Exact,aromatherapy oil,417,5,0.012,0.54,2.72,8.16,0.3333,3.0,0,0,0.0,0,0,8.16,0
2023-04-03,2023-04-03,Harveast - ESF,USD,Halley - Campaign 4,Halley - AdGroup 2,keyword: organic hand towel set,Exact,organic hand towel set,776,2,0.0026,1.35,2.7,18.24,0.148,6.7556,0,0,0.0,0,0,18.24,0
2023-07-03,2023-07-03,Harveast - ESF,USD,Halley - Campaign 4,Halley - AdGroup 2,keyword: organic hand towel set,Broad,organic hand towel set,140,0,0.0,0.0,0.0,0.0,0.0,0.0,0,0,0.0,0,0,0.0,0
2023-02-06,2023-02-06,Harveast - ESF,USD,Halley - Campaign 4,Halley - AdGroup 2,keyword: organic hand towel set,Exact,organic hand towel set,318,2,0.0063,0.81,1.63,12.92,0.1262,7.9264,0,0,0.0,0,0,12.92,0
2023-03-20,2023-03-20,Harveast - ESF,USD,Halley - Campaign 4,Halley - AdGroup 2,keyword: air freshener home,Phrase,air freshener home,150,0,0.0,0.0,0.0,0.0,0.0,0.0,0,0,0.0,0,0,0.0,0
2023-12-25,2023-12-25,Harveast - ESF,USD,Halley - Campaign 4,Halley - AdGroup 2,keyword: air freshener home,Phrase,air freshener home,42,0,0.0,0.0,0.0,0.0,0.0,0.0,0,0,0.0,0,0,0.0,0
2023-09-04,2023-09-04,Harveast - ESF,USD,Halley - Campaign 4,Halley - AdGroup 2,keyword: air freshener home,Phrase,air freshener home,57,0,0.0,0.0,0.0,0.0,0.0,0.0,0,0,0.0,0,0,0.0,0
2023-10-30,2023-10-30,Harveast - ESF,USD,Halley - Campaign 4,Halley - AdGroup 2,keyword: air purifier hepa,Phrase,air purifier hepa,168,1,0.006,0.52,0.52,1.26,0.4127,2.4231,0,0,0.0,0,0,1.26,0
2023-01-30,2023-01-30,Harveast - ESF,USD,Halley - Campaign 4,Halley - AdGroup 2,keyword: air purifier hepa,Phrase,air purifier hepa,29,0,0.0,0.0,0.0,0.0,0.0,0.0,0,0,0.0,0,0,0.0,0
2023-05-22,2023-05-22,Harveast - ESF,USD,Halley - Campaign 4,Halley - AdGroup 2,keyword: air purifier hepa,Exact,air purifier hepa,530,2,0.0038,1.18,2.35,5.37,0.4376,2.2851,0,0,0.0,0,0,5.37,0
2023-01-23,2023-01-23,Harveast - ESF,USD,Halley - Campaign 4,Halley - AdGroup 2,keyword: camping tent 4 person,Phrase,camping tent 4 person,17,0,0.0,0.0,0.0,0.0,0.0,0.0,0,0,0.0,0,0,0.0,0
2023-02-13,2023-02-13,Harveast - ESF,USD,Halley - Campaign 4,Halley - AdGroup 2,keyword: camping tent 4 person,Phrase,camping tent 4 person,203,0,0.0,0.0,0.0,0.0,0.0,0.0,0,0,0.0,0,0,0.0,0
2023-08-14,2023-08-14,Harveast - ESF,USD,Halley - Campaign 4,Halley - AdGroup 2,keyword: camping tent 4 person,Phrase,camping tent 4 person,376,5,0.0133,1.34,6.72,15.01,0.4477,2.2336,0,0,0.0,0,0,15.01,0
2023-11-27,2023-11-27,Harveast - ESF,USD,Halley - Campaign 4,Halley - AdGroup 2,keyword: gym water bottle,Phrase,gym water bottle,233,2,0.0086,1.01,2.02,5.34,0.3783,2.6436,0,0,0.0,0,0,5.34,0
2023-06-19,2023-06-19,Harveast - ESF,USD,Halley - Campaign 4,Halley - AdGroup 2,keyword: gym water bottle,Broad,gym water bottle,25,0,0.0,0.0,0.0,0.0,0.0,0.0,0,0,0.0,0,0,0.0,0
2023-03-13,2023-03-13,Harveast - ESF,USD,Halley - Campaign 4,Halley - AdGroup 2,keyword: gym water bottle,Exact,gym water bottle,257,4,0.0156,1.0,4.02,7.99,0.5031,1.9876,0,0,0.0,0,0,7.99,0
2023-09-18,2023-09-18,Bioblas - ESF,USD,Harveast - Campaign 4,Harveast - AdGroup 3,keyword: aromatherapy oil,Broad,aromatherapy oil,126,0,0.0,0.0,0.0,0.0,0.0,0.0,0,0,0.0,0,0,0.0,0
2023-09-11,2023-09-11,Bioblas - ESF,USD,Harveast - Campaign 4,Harveast - AdGroup 3,keyword: aromatherapy oil,Exact,aromatherapy oil,538,8,0.0149,0.94,7.51,15.39,0.488,2.0493,0,0,0.0,0,0,15.39,0
2023-12-18,2023-12-18,Bioblas - ESF,USD,Harveast - Campaign 4,Harveast - AdGroup 3,keyword: aromatherapy oil,Exact,aromatherapy oil,100,0,0.0,0.0,0.0,0.0,0.0,0.0,0,0,0.0,0,0,0.0,0
2023-11-13,2023-11-13,Bioblas - ESF,USD,Harveast - Campaign 4,Harveast - AdGroup 3,keyword: essential oil diffuser,Exact,essential oil diffuser,12,0,0.0,0.0,0.0,0.0,0.0,0.0,0,0,0.0,0,0,0.0,0
2023-05-29,2023-05-29,Bioblas - ESF,USD,Harveast - Campaign 4,Harveast - AdGroup 3,keyword: essential oil diffuser,Broad,essential oil diffuser,166,1,0.006,0.79,0.79,1.7,0.4647,2.1519,0,0,0.0,0,0,1.7,0
2023-03-13,2023-03-13,Bioblas - ESF,USD,Harveast - Campaign 4,Harveast - AdGroup 3,keyword: essential oil diffuser,Exact,essential oil diffuser,354,0,0.0,0.0,0.0,0.0,0.0,0.0,0,0,0.0,0,0,0.0,0
2023-08-14,2023-08-14,Bioblas - ESF,USD,Harveast - Campaign 4,Harveast - AdGroup 3,keyword: natural fruit snack,Exact,natural fruit snack,129,0,0.0,0.0,0.0,0.0,0.0,0.0,0,0,0.0,0,0,0.0,0
2023-12-11,2023-12-11,Bioblas - ESF,USD,Harveast - Campaign 4,Harveast - AdGroup 3,keyword: natural fruit snack,Phrase,natural fruit snack,18,0,0.0,0.0,0.0,0.0,0.0,0.0,0,0,0.0,0,0,0.0,0
2023-08-21,2023-08-21,Bioblas - ESF,USD,Harveast - Campaign 4,Harveast - AdGroup 3,keyword: natural fruit snack,Phrase,natural fruit snack,430,2,0.0047,0.82,1.65,3.35,0.4925,2.0303,0,0,0.0,0,0,3.35,0
2023-05-29,2023-05-29,Bioblas - ESF,USD,Harveast - Campaign 4,Harveast - AdGroup 3,keyword: premium bath towels,Broad,premium bath towels,24,0,0.0,0.0,0.0,0.0,0.0,0.0,0,0,0.0,0,0,0.0,0
2023-10-09,2023-10-09,Bioblas - ESF,USD,Harveast - Campaign 4,Harveast - AdGroup 3,keyword: premium bath towels,Broad,premium bath towels,147,1,0.0068,1.43,1.43,2.31,0.619,1.6154,0,0,0.0,0,0,2.31,0
2023-11-13,2023-11-13,Bioblas - ESF,USD,Harveast - Campaign 4,Harveast - AdGroup 3,keyword: premium bath towels,Exact,premium bath towels,181,0,0.0,0.0,0.0,0.0,0.0,0.0,0,0,0.0,0,0,0.0,0
2023-09-18,2023-09-18,Bioblas - ESF,USD,Harveast - Campaign 4,Harveast - AdGroup 3,keyword: newborn bath set,Exact,newborn bath set,94,0,0.0,0.0,0.0,0.0,0.0,0.0,0,0,0.0,0,0,0.0,0
2023-07-24,2023-07-24,Bioblas - ESF,USD,Harveast - Campaign 4,Harveast - AdGroup 3,keyword: newborn bath set,Broad,newborn bath set,108,0,0.0,0.0,0.0,0.0,0.0,0.0,0,0,0.0,0,0,0.0,0
2023-11-20,2023-11-20,Bioblas - ESF,USD,Harveast - Campaign 4,Harveast - AdGroup 3,keyword: newborn bath set,Exact,newborn bath set,106,0,0.0,0.0,0.0,0.0,0.0,0.0,0,0,0.0,0,0,0.0,0
2023-12-04,2023-12-04,Orient Therapy - ESF,USD,BioBlas - Campaign 4,BioBlas - AdGroup 4,keyword: newborn bath set,Phrase,newborn bath set,36,0,0.0,0.0,0.0,0.0,0.0,0.0,0,0,0.0,0,0,0.0,0
2023-09-18,2023-09-18,Orient Therapy - ESF,USD,BioBlas - Campaign 4,BioBlas - AdGroup 4,keyword: newborn bath set,Broad,newborn bath set,150,0,0.0,0.0,0.0,0.0,0.0,0.0,0,0,0.0,0,0,0.0,0
2023-08-21,2023-08-21,Orient Therapy - ESF,USD,BioBlas - Campaign 4,BioBlas - AdGroup 4,keyword: newborn bath set,Broad,newborn bath set,64,0,0.0,0.0,0.0,0.0,0.0,0.0,0,0,0.0,0,0,0.0,0
2023-08-21,2023-08-21,Orient Therapy - ESF,USD,BioBlas - Campaign 4,BioBlas - AdGroup 4,keyword: spa gift set,Exact,spa gift set,29,0,0.0,0.0,0.0,0.0,0.0,0.0,0,0,0.0,0,0,0.0,0
2023-06-26,2023-06-26,Orient Therapy - ESF,USD,BioBlas - Campaign 4,BioBlas - AdGroup 4,keyword: spa gift set,Phrase,spa gift set,64,0,0.0,0.0,0.0,0.0,0.0,0.0,0,0,0.0,0,0,0.0,0
2023-02-13,2023-02-13,Orient Therapy - ESF,USD,BioBlas - Campaign 4,BioBlas - AdGroup 4,keyword: spa gift set,Broad,spa gift set,38,0,0.0,0.0,0.0,0.0,0.0,0.0,0,0,0.0,0,0,0.0,0
2023-12-11,2023-12-11,Orient Therapy - ESF,USD,BioBlas - Campaign 4,BioBlas - AdGroup 4,keyword: turkish cotton towel,Phrase,turkish cotton towel,564,0,0.0,0.0,0.0,0.0,0.0,0.0,0,0,0.0,0,0,0.0,0
2023-02-06,2023-02-06,Orient Therapy - ESF,USD,BioBlas - Campaign 4,BioBlas - AdGroup 4,keyword: turkish cotton towel,Phrase,turkish cotton towel,140,0,0.0,0.0,0.0,0.0,0.0,0.0,0,0,0.0,0,0,0.0,0
2023-09-11,2023-09-11,Orient Therapy - ESF,USD,BioBlas - Campaign 4,BioBlas - AdGroup 4,keyword: turkish cotton towel,Broad,turkish cotton towel,123,0,0.0,0.0,0.0,0.0,0.0,0.0,0,0,0.0,0,0,0.0,0
2023-11-27,2023-11-27,Orient Therapy - ESF,USD,BioBlas - Campaign 4,BioBlas - AdGroup 4,keyword: organic hand towel set,Exact,organic hand towel set,520,3,0.0058,1.09,3.26,4.61,0.7072,1.4141,0,0,0.0,0,0,4.61,0
2023-12-18,2023-12-18,Orient Therapy - ESF,USD,BioBlas - Campaign 4,BioBlas - AdGroup 4,keyword: organic hand towel set,Phrase,organic hand towel set,807,7,0.0087,1.06,7.39,34.08,0.2168,4.6116,1,1,0.1429,1,0,34.08,0
2023-10-02,2023-10-02,Orient Therapy - ESF,USD,BioBlas - Campaign 4,BioBlas - AdGroup 4,keyword: organic hand towel set,Broad,organic hand towel set,96,0,0.0,0.0,0.0,0.0,0.0,0.0,0,0,0.0,0,0,0.0,0
2023-09-04,2023-09-04,Orient Therapy - ESF,USD,BioBlas - Campaign 4,BioBlas - AdGroup 4,keyword: natural fruit snack,Phrase,natural fruit snack,68,0,0.0,0.0,0.0,0.0,0.0,0.0,0,0,0.0,0,0,0.0,0
2023-07-10,2023-07-10,Orient Therapy - ESF,USD,BioBlas - Campaign 4,BioBlas - AdGroup 4,keyword: natural fruit snack,Exact,natural fruit snack,206,2,0.0097,0.41,0.81,1.19,0.6807,1.4691,0,0,0.0,0,0,1.19,0
2023-09-18,2023-09-18,Orient Therapy - ESF,USD,BioBlas - Campaign 4,BioBlas - AdGroup 4,keyword: natural fruit snack,Exact,natural fruit snack,32,0,0.0,0.0,0.0,0.0,0.0,0.0,0,0,0.0,0,0,0.0,0
2023-03-27,2023-03-27,Jumbo Jumble - ESF,USD,OrientTherapy - Campaign 4,OrientTherapy - AdGroup 5,keyword: spa gift set,Broad,spa gift set,254,0,0.0,0.0,0.0,0.0,0.0,0.0,0,0,0.0,0,0,0.0,0
2023-02-27,2023-02-27,Jumbo Jumble - ESF,USD,OrientTherapy - Campaign 4,OrientTherapy - AdGroup 5,keyword: spa gift set,Exact,spa gift set,40,0,0.0,0.0,0.0,0.0,0.0,0.0,0,0,0.0,0,0,0.0,0
2023-10-30,2023-10-30,Jumbo Jumble - ESF,USD,OrientTherapy - Campaign 4,OrientTherapy - AdGroup 5,keyword: spa gift set,Exact,spa gift set,29,0,0.0,0.0,0.0,0.0,0.0,0.0,0,0,0.0,0,0,0.0,0
2023-02-27,2023-02-27,Jumbo Jumble - ESF,USD,OrientTherapy - Campaign 4,OrientTherapy - AdGroup 5,keyword: desk accessories,Phrase,desk accessories,169,0,0.0,0.0,0.0,0.0,0.0,0.0,0,0,0.0,0,0,0.0,0
2023-09-11,2023-09-11,Jumbo Jumble - ESF,USD,OrientTherapy - Campaign 4,OrientTherapy - AdGroup 5,keyword: desk accessories,Phrase,desk accessories,62,0,0.0,0.0,0.0,0.0,0.0,0.0,0,0,0.0,0,0,0.0,0
2023-07-31,2023-07-31,Jumbo Jumble - ESF,USD,OrientTherapy - Campaign 4,OrientTherapy - AdGroup 5,keyword: desk accessories,Exact,desk accessories,104,0,0.0,0.0,0.0,0.0,0.0,0.0,0,0,0.0,0,0,0.0,0
2023-05-22,2023-05-22,Jumbo Jumble - ESF,USD,OrientTherapy - Campaign 4,OrientTherapy - AdGroup 5,keyword: organic hand towel set,Broad,organic hand towel set,103,0,0.0,0.0,0.0,0.0,0.0,0.0,0,0,0.0,0,0,0.0,0
2023-08-28,2023-08-28,Jumbo Jumble - ESF,USD,OrientTherapy - Campaign 4,OrientTherapy - AdGroup 5,keyword: organic hand towel set,Phrase,organic hand towel set,682,2,0.0029,0.35,0.7,2.12,0.3302,3.0286,0,0,0.0,0,0,2.12,0
2023-12-25,2023-12-25,Jumbo Jumble - ESF,USD,OrientTherapy - Campaign 4,OrientTherapy - AdGroup 5,keyword: organic hand towel set,Phrase,organic hand towel set,591,5,0.0085,0.55,2.77,6.55,0.4229,2.3646,0,0,0.0,0,0,6.55,0
2023-11-06,2023-11-06,Jumbo Jumble - ESF,USD,OrientTherapy - Campaign 4,OrientTherapy - AdGroup 5,keyword: office desk organizer,Phrase,office desk organizer,215,1,0.0047,0.9,0.9,2.46,0.3659,2.7333,0,0,0.0,0,0,2.46,0
2023-12-18,2023-12-18,Jumbo Jumble - ESF,USD,OrientTherapy - Campaign 4,OrientTherapy - AdGroup 5,keyword: office desk organizer,Exact,office desk organizer,85,0,0.0,0.0,0.0,0.0,0.0,0.0,0,0,0.0,0,0,0.0,0
2023-08-21,2023-08-21,Jumbo Jumble - ESF,USD,OrientTherapy - Campaign 4,OrientTherapy - AdGroup 5,keyword: office desk organizer,Phrase,office desk organizer,325,4,0.0123,1.17,4.66,12.24,0.3807,2.6266,0,0,0.0,0,0,12.24,0
2023-04-17,2023-04-17,Jumbo Jumble - ESF,USD,OrientTherapy - Campaign 4,OrientTherapy - AdGroup 5,keyword: natural fruit snack,Phrase,natural fruit snack,539,6,0.0111,0.37,2.23,21.24,0.105,9.5247,0,0,0.0,0,0,21.24,0
2023-12-25,2023-12-25,Jumbo Jumble - ESF,USD,OrientTherapy - Campaign 4,OrientTherapy - AdGroup 5,keyword: natural fruit snack,Phrase,natural fruit snack,164,0,0.0,0.0,0.0,0.0,0.0,0.0,0,0,0.0,0,0,0.0,0
2023-10-02,2023-10-02,Jumbo Jumble - ESF,USD,OrientTherapy - Campaign 4,OrientTherapy - AdGroup 5,keyword: natural fruit snack,Phrase,natural fruit snack,993,0,0.0,0.0,0.0,0.0,0.0,0.0,0,0,0.0,0,0,0.0,0
2023-05-29,2023-05-29,Halley - ESF,USD,JumboJumble - Campaign 5,JumboJumble - AdGroup 1,keyword: spa gift set,Phrase,spa gift set,70,0,0.0,0.0,0.0,0.0,0.0,0.0,0,0,0.0,0,0,0.0,0
2023-06-19,2023-06-19,Halley - ESF,USD,JumboJumble - Campaign 5,JumboJumble - AdGroup 1,keyword: spa gift set,Phrase,spa gift set,405,4,0.0099,0.71,2.86,4.01,0.7132,1.4021,0,0,0.0,0,0,4.01,0
2023-04-17,2023-04-17,Halley - ESF,USD,JumboJumble - Campaign 5,JumboJumble - AdGroup 1,keyword: spa gift set,Exact,spa gift set,40,0,0.0,0.0,0.0,0.0,0.0,0.0,0,0,0.0,0,0,0.0,0
2023-01-16,2023-01-16,Halley - ESF,USD,JumboJumble - Campaign 5,JumboJumble - AdGroup 1,keyword: office desk organizer,Broad,office desk organizer,703,6,0.0085,1.31,7.84,10.63,0.7375,1.3559,0,0,0.0,0,0,10.63,0
2023-10-23,2023-10-23,Halley - ESF,USD,JumboJumble - Campaign 5,JumboJumble - AdGroup 1,keyword: office desk organizer,Exact,office desk organizer,185,0,0.0,0.0,0.0,0.0,0.0,0.0,0,0,0.0,0,0,0.0,0
2023-02-27,2023-02-27,Halley - ESF,USD,JumboJumble - Campaign 5,JumboJumble - AdGroup 1,keyword: office desk organizer,Exact,office desk organizer,125,0,0.0,0.0,0.0,0.0,0.0,0.0,0,0,0.0,0,0,0.0,0
2023-06-19,2023-06-19,Halley - ESF,USD,JumboJumble - Campaign 5,JumboJumble - AdGroup 1,keyword: air freshener home,Broad,air freshener home,102,0,0.0,0.0,0.0,0.0,0.0,0.0,0,0,0.0,0,0,0.0,0
2023-07-03,2023-07-03,Halley - ESF,USD,JumboJumble - Campaign 5,JumboJumble - AdGroup 1,keyword: air freshener home,Phrase,air freshener home,214,0,0.0,0.0,0.0,0.0,0.0,0.0,0,0,0.0,0,0,0.0,0
2023-01-02,2023-01-02,Halley - ESF,USD,JumboJumble - Campaign 5,JumboJumble - AdGroup 1,keyword: air freshener home,Broad,air freshener home,239,2,0.0084,0.61,1.22,1.82,0.6703,1.4918,0,0,0.0,0,0,1.82,0
2023-01-16,2023-01-16,Halley - ESF,USD,JumboJumble - Campaign 5,JumboJumble - AdGroup 1,keyword: turkish cotton towel,Phrase,turkish cotton towel,73,0,0.0,0.0,0.0,0.0,0.0,0.0,0,0,0.0,0,0,0.0,0
2023-02-13,2023-02-13,Halley - ESF,USD,JumboJumble - Campaign 5,JumboJumble - AdGroup 1,keyword: turkish cotton towel,Exact,turkish cotton towel,550,2,0.0036,1.06,2.12,8.71,0.2434,4.1085,0,0,0.0,0,0,8.71,0
2023-10-02,2023-10-02,Halley - ESF,USD,JumboJumble - Campaign 5,JumboJumble - AdGroup 1,keyword: turkish cotton towel,Phrase,turkish cotton towel,130,0,0.0,0.0,0.0,0.0,0.0,0.0,0,0,0.0,0,0,0.0,0
2023-01-16,2023-01-16,Halley - ESF,USD,JumboJumble - Campaign 5,JumboJumble - AdGroup 1,keyword: infant care kit,Exact,infant care kit,81,0,0.0,0.0,0.0,0.0,0.0,0.0,0,0,0.0,0,0,0.0,0
2023-06-12,2023-06-12,Halley - ESF,USD,JumboJumble - Campaign 5,JumboJumble - AdGroup 1,keyword: infant care kit,Phrase,infant care kit,275,2,0.0073,0.3,0.6,1.35,0.4444,2.25,0,0,0.0,0,0,1.35,0
2023-02-20,2023-02-20,Halley - ESF,USD,JumboJumble - Campaign 5,JumboJumble - AdGroup 1,keyword: infant care kit,Phrase,infant care kit,24,0,0.0,0.0,0.0,0.0,0.0,0.0,0,0,0.0,0,0,0.0,0
2023-04-24,2023-04-24,Harveast - ESF,USD,NaturPlus - Campaign 5,NaturPlus - AdGroup 2,keyword: hiking backpack,Exact,hiking backpack,311,1,0.0032,0.84,0.84,1.79,0.4693,2.131,0,0,0.0,0,0,1.79,0
2023-10-30,2023-10-30,Harveast - ESF,USD,NaturPlus - Campaign 5,NaturPlus - AdGroup 2,keyword: hiking backpack,Broad,hiking backpack,72,0,0.0,0.0,0.0,0.0,0.0,0.0,0,0,0.0,0,0,0.0,0
2023-05-01,2023-05-01,Harveast - ESF,USD,NaturPlus - Campaign 5,NaturPlus - AdGroup 2,keyword: hiking backpack,Broad,hiking backpack,29,0,0.0,0.0,0.0,0.0,0.0,0.0,0,0,0.0,0,0,0.0,0
2023-07-03,2023-07-03,Harveast - ESF,USD,NaturPlus - Campaign 5,NaturPlus - AdGroup 2,keyword: gym water bottle,Exact,gym water bottle,66,0,0.0,0.0,0.0,0.0,0.0,0.0,0,0,0.0,0,0,0.0,0
2023-08-07,2023-08-07,Harveast - ESF,USD,NaturPlus - Campaign 5,NaturPlus - AdGroup 2,keyword: gym water bottle,Exact,gym water bottle,397,0,0.0,0.0,0.0,0.0,0.0,0.0,0,0,0.0,0,0,0.0,0
2023-06-26,2023-06-26,Harveast - ESF,USD,NaturPlus - Campaign 5,NaturPlus - AdGroup 2,keyword: gym water bottle,Exact,gym water bottle,244,1,0.0041,1.4,1.4,2.81,0.4982,2.0071,0,0,0.0,0,0,2.81,0
2023-12-04,2023-12-04,Harveast - ESF,USD,NaturPlus - Campaign 5,NaturPlus - AdGroup 2,keyword: camping tent 4 person,Phrase,camping tent 4 person,2507,22,0.0088,0.91,20.04,31.53,0.6356,1.5734,0,0,0.0,0,0,31.53,0
2023-05-01,2023-05-01,Harveast - ESF,USD,NaturPlus - Campaign 5,NaturPlus - AdGroup 2,keyword: camping tent 4 person,Phrase,camping tent 4 person,48,0,0.0,0.0,0.0,0.0,0.0,0.0,0,0,0.0,0,0,0.0,0
2023-10-02,2023-10-02,Harveast - ESF,USD,NaturPlus - Campaign 5,NaturPlus - AdGroup 2,keyword: camping tent 4 person,Broad,camping tent 4 person,84,0,0.0,0.0,0.0,0.0,0.0,0.0,0,0,0.0,0,0,0.0,0
2023-08-07,2023-08-07,Harveast - ESF,USD,NaturPlus - Campaign 5,NaturPlus - AdGroup 2,keyword: essential oil diffuser,Exact,essential oil diffuser,282,0,0.0,0.0,0.0,0.0,0.0,0.0,0,0,0.0,0,0,0.0,0
2023-02-20,2023-02-20,Harveast - ESF,USD,NaturPlus - Campaign 5,NaturPlus - AdGroup 2,keyword: essential oil diffuser,Broad,essential oil diffuser,300,1,0.0033,1.46,1.46,2.2,0.6636,1.5068,0,0,0.0,0,0,2.2,0
2023-07-24,2023-07-24,Harveast - ESF,USD,NaturPlus - Campaign 5,NaturPlus - AdGroup 2,keyword: essential oil diffuser,Phrase,essential oil diffuser,34,0,0.0,0.0,0.0,0.0,0.0,0.0,0,0,0.0,0,0,0.0,0
2023-12-11,2023-12-11,Harveast - ESF,USD,NaturPlus - Campaign 5,NaturPlus - AdGroup 2,keyword: infant care kit,Exact,infant care kit,1760,19,0.0108,0.54,10.33,13.54,0.7629,1.3107,0,0,0.0,0,0,13.54,0
2023-11-20,2023-11-20,Harveast - ESF,USD,NaturPlus - Campaign 5,NaturPlus - AdGroup 2,keyword: infant care kit,Broad,infant care kit,67,0,0.0,0.0,0.0,0.0,0.0,0.0,0,0,0.0,0,0,0.0,0
2023-01-16,2023-01-16,Harveast - ESF,USD,NaturPlus - Campaign 5,NaturPlus - AdGroup 2,keyword: infant care kit,Exact,infant care kit,110,0,0.0,0.0,0.0,0.0,0.0,0.0,0,0,0.0,0,0,0.0,0
2023-06-26,2023-06-26,Bioblas - ESF,USD,EcoHome - Campaign 5,EcoHome - AdGroup 3,keyword: vegan snack pack,Broad,vegan snack pack,522,2,0.0038,0.87,1.74,15.85,0.1098,9.1092,0,0,0.0,0,0,15.85,0
2023-05-08,2023-05-08,Bioblas - ESF,USD,EcoHome - Campaign 5,EcoHome - AdGroup 3,keyword: vegan snack pack,Exact,vegan snack pack,25,0,0.0,0.0,0.0,0.0,0.0,0.0,0,0,0.0,0,0,0.0,0
2023-12-04,2023-12-04,Bioblas - ESF,USD,EcoHome - Campaign 5,EcoHome - AdGroup 3,keyword: vegan snack pack,Phrase,vegan snack pack,44,0,0.0,0.0,0.0,0.0,0.0,0.0,0,0,0.0,0,0,0.0,0
2023-03-27,2023-03-27,Bioblas - ESF,USD,EcoHome - Campaign 5,EcoHome - AdGroup 3,keyword: gym water bottle,Broad,gym water bottle,111,0,0.0,0.0,0.0,0.0,0.0,0.0,0,0,0.0,0,0,0.0,0
2023-08-14,2023-08-14,Bioblas - ESF,USD,EcoHome - Campaign 5,EcoHome - AdGroup 3,keyword: gym water bottle,Phrase,gym water bottle,33,0,0.0,0.0,0.0,0.0,0.0,0.0,0,0,0.0,0,0,0.0,0
2023-10-09,2023-10-09,Bioblas - ESF,USD,EcoHome - Campaign 5,EcoHome - AdGroup 3,keyword: gym water bottle,Broad,gym water bottle,119,0,0.0,0.0,0.0,0.0,0.0,0.0,0,0,0.0,0,0,0.0,0
2023-04-24,2023-04-24,Bioblas - ESF,USD,EcoHome - Campaign 5,EcoHome - AdGroup 3,keyword: air freshener home,Broad,air freshener home,1002,0,0.0,0.0,0.0,0.0,0.0,0.0,0,0,0.0,0,0,0.0,0
2023-01-30,2023-01-30,Bioblas - ESF,USD,EcoHome - Campaign 5,EcoHome - AdGroup 3,keyword: air freshener home,Exact,air freshener home,93,0,0.0,0.0,0.0,0.0,0.0,0.0,0,0,0.0,0,0,0.0,0
2023-10-16,2023-10-16,Bioblas - ESF,USD,EcoHome - Campaign 5,EcoHome - AdGroup 3,keyword: air freshener home,Broad,air freshener home,3,0,0.0,0.0,0.0,0.0,0.0,0.0,0,0,0.0,0,0,0.0,0
2023-01-02,2023-01-02,Bioblas - ESF,USD,EcoHome - Campaign 5,EcoHome - AdGroup 3,keyword: desk accessories,Exact,desk accessories,34,0,0.0,0.0,0.0,0.0,0.0,0.0,0,0,0.0,0,0,0.0,0
2023-05-01,2023-05-01,Bioblas - ESF,USD,EcoHome - Campaign 5,EcoHome - AdGroup 3,keyword: desk accessories,Exact,desk accessories,81,0,0.0,0.0,0.0,0.0,0.0,0.0,0,0,0.0,0,0,0.0,0
2023-12-04,2023-12-04,Bioblas - ESF,USD,EcoHome - Campaign 5,EcoHome - AdGroup 3,keyword: desk accessories,Phrase,desk accessories,446,4,0.009,0.63,2.51,5.07,0.4951,2.0199,0,0,0.0,0,0,5.07,0
2023-12-11,2023-12-11,Bioblas - ESF,USD,EcoHome - Campaign 5,EcoHome - AdGroup 3,keyword: air purifier hepa,Exact,air purifier hepa,2372,3,0.0013,1.07,3.22,22.73,0.1417,7.059,0,0,0.0,0,0,22.73,0
2023-04-17,2023-04-17,Bioblas - ESF,USD,EcoHome - Campaign 5,EcoHome - AdGroup 3,keyword: air purifier hepa,Broad,air purifier hepa,302,0,0.0,0.0,0.0,0.0,0.0,0.0,0,0,0.0,0,0,0.0,0
2023-09-04,2023-09-04,Bioblas - ESF,USD,EcoHome - Campaign 5,EcoHome - AdGroup 3,keyword: air purifier hepa,Phrase,air purifier hepa,146,0,0.0,0.0,0.0,0.0,0.0,0.0,0,0,0.0,0,0,0.0,0
2023-03-06,2023-03-06,Orient Therapy - ESF,USD,VitaGreen - Campaign 5,VitaGreen - AdGroup 4,keyword: organic hand towel set,Exact,organic hand towel set,23,0,0.0,0.0,0.0,0.0,0.0,0.0,0,0,0.0,0,0,0.0,0
2023-11-27,2023-11-27,Orient Therapy - ESF,USD,VitaGreen - Campaign 5,VitaGreen - AdGroup 4,keyword: organic hand towel set,Phrase,organic hand towel set,77,0,0.0,0.0,0.0,0.0,0.0,0.0,0,0,0.0,0,0,0.0,0
2023-06-19,2023-06-19,Orient Therapy - ESF,USD,VitaGreen - Campaign 5,VitaGreen - AdGroup 4,keyword: organic hand towel set,Phrase,organic hand towel set,220,0,0.0,0.0,0.0,0.0,0.0,0.0,0,0,0.0,0,0,0.0,0
2023-12-18,2023-12-18,Orient Therapy - ESF,USD,VitaGreen - Campaign 5,VitaGreen - AdGroup 4,keyword: baby soft towel,Exact,baby soft towel,1148,1,0.0009,0.65,0.65,2.28,0.2851,3.5077,0,0,0.0,0,0,2.28,0
2023-03-06,2023-03-06,Orient Therapy - ESF,USD,VitaGreen - Campaign 5,VitaGreen - AdGroup 4,keyword: baby soft towel,Exact,baby soft towel,908,1,0.0011,1.11,1.11,5.03,0.2207,4.5315,0,0,0.0,0,0,5.03,0
2023-03-20,2023-03-20,Orient Therapy - ESF,USD,VitaGreen - Campaign 5,VitaGreen - AdGroup 4,keyword: baby soft towel,Phrase,baby soft towel,124,1,0.0081,1.29,1.29,9.48,0.1361,7.3488,0,0,0.0,0,0,9.48,0
2023-08-21,2023-08-21,Orient Therapy - ESF,USD,VitaGreen - Campaign 5,VitaGreen - AdGroup 4,keyword: desk accessories,Broad,desk accessories,409,3,0.0073,1.13,3.38,13.49,0.2506,3.9911,0,0,0.0,0,0,13.49,0
2023-07-10,2023-07-10,Orient Therapy - ESF,USD,VitaGreen - Campaign 5,VitaGreen - AdGroup 4,keyword: desk accessories,Exact,desk accessories,149,0,0.0,0.0,0.0,0.0,0.0,0.0,0,0,0.0,0,0,0.0,0
2023-02-13,2023-02-13,Orient Therapy - ESF,USD,VitaGreen - Campaign 5,VitaGreen - AdGroup 4,keyword: desk accessories,Broad,desk accessories,64,0,0.0,0.0,0.0,0.0,0.0,0.0,0,0,0.0,0,0,0.0,0
2023-12-11,2023-12-11,Orient Therapy - ESF,USD,VitaGreen - Campaign 5,VitaGreen - AdGroup 4,keyword: fitness accessories,Phrase,fitness accessories,615,7,0.0114,0.7,4.92,7.51,0.6551,1.5264,0,0,0.0,0,0,7.51,0
2023-01-16,2023-01-16,Orient Therapy - ESF,USD,VitaGreen - Campaign 5,VitaGreen - AdGroup 4,keyword: fitness accessories,Phrase,fitness accessories,323,0,0.0,0.0,0.0,0.0,0.0,0.0,0,0,0.0,0,0,0.0,0
2023-09-25,2023-09-25,Orient Therapy - ESF,USD,VitaGreen - Campaign 5,VitaGreen - AdGroup 4,keyword: fitness accessories,Broad,fitness accessories,191,1,0.0052,0.54,0.54,0.7,0.7714,1.2963,0,0,0.0,0,0,0.7,0
2023-05-29,2023-05-29,Orient Therapy - ESF,USD,VitaGreen - Campaign 5,VitaGreen - AdGroup 4,keyword: protein shaker bottle,Broad,protein shaker bottle,211,0,0.0,0.0,0.0,0.0,0.0,0.0,0,0,0.0,0,0,0.0,0
2023-07-24,2023-07-24,Orient Therapy - ESF,USD,VitaGreen - Campaign 5,VitaGreen - AdGroup 4,keyword: protein shaker bottle,Exact,protein shaker bottle,62,0,0.0,0.0,0.0,0.0,0.0,0.0,0,0,0.0,0,0,0.0,0
2023-07-31,2023-07-31,Orient Therapy - ESF,USD,VitaGreen - Campaign 5,VitaGreen - AdGroup 4,keyword: protein shaker bottle,Phrase,protein shaker bottle,336,0,0.0,0.0,0.0,0.0,0.0,0.0,0,0,0.0,0,0,0.0,0
2023-10-16,2023-10-16,Jumbo Jumble - ESF,USD,Halley - Campaign 5,Halley - AdGroup 5,keyword: air purifier hepa,Phrase,air purifier hepa,322,2,0.0062,0.49,0.98,5.56,0.1763,5.6735,0,0,0.0,0,0,5.56,0
2023-07-17,2023-07-17,Jumbo Jumble - ESF,USD,Halley - Campaign 5,Halley - AdGroup 5,keyword: air purifier hepa,Phrase,air purifier hepa,5,0,0.0,0.0,0.0,0.0,0.0,0.0,0,0,0.0,0,0,0.0,0
2023-03-13,2023-03-13,Jumbo Jumble - ESF,USD,Halley - Campaign 5,Halley - AdGroup 5,keyword: air purifier hepa,Broad,air purifier hepa,139,2,0.0144,1.36,2.72,4.87,0.5585,1.7904,0,0,0.0,0,0,4.87,0
2023-02-20,2023-02-20,Jumbo Jumble - ESF,USD,Halley - Campaign 5,Halley - AdGroup 5,keyword: newborn bath set,Phrase,newborn bath set,178,1,0.0056,1.29,1.29,4.01,0.3217,3.1085,0,0,0.0,0,0,4.01,0
2023-01-09,2023-01-09,Jumbo Jumble - ESF,USD,Halley - Campaign 5,Halley - AdGroup 5,keyword: newborn bath set,Phrase,newborn bath set,94,0,0.0,0.0,0.0,0.0,0.0,0.0,0,0,0.0,0,0,0.0,0
2023-12-25,2023-12-25,Jumbo Jumble - ESF,USD,Halley - Campaign 5,Halley - AdGroup 5,keyword: newborn bath set,Broad,newborn bath set,53,0,0.0,0.0,0.0,0.0,0.0,0.0,0,0,0.0,0,0,0.0,0
2023-07-31,2023-07-31,Jumbo Jumble - ESF,USD,Halley - Campaign 5,Halley - AdGroup 5,keyword: spa gift set,Broad,spa gift set,118,0,0.0,0.0,0.0,0.0,0.0,0.0,0,0,0.0,0,0,0.0,0
2023-01-02,2023-01-02,Jumbo Jumble - ESF,USD,Halley - Campaign 5,Halley - AdGroup 5,keyword: spa gift set,Broad,spa gift set,195,0,0.0,0.0,0.0,0.0,0.0,0.0,0,0,0.0,0,0,0.0,0
2023-07-24,2023-07-24,Jumbo Jumble - ESF,USD,Halley - Campaign 5,Halley - AdGroup 5,keyword: spa gift set,Broad,spa gift set,289,1,0.0035,1.21,1.21,3.96,0.3056,3.2727,0,0,0.0,0,0,3.96,0
2023-03-20,2023-03-20,Jumbo Jumble - ESF,USD,Halley - Campaign 5,Halley - AdGroup 5,keyword: turkish cotton towel,Broad,turkish cotton towel,175,0,0.0,0.0,0.0,0.0,0.0,0.0,0,0,0.0,0,0,0.0,0
2023-06-12,2023-06-12,Jumbo Jumble - ESF,USD,Halley - Campaign 5,Halley - AdGroup 5,keyword: turkish cotton towel,Exact,turkish cotton towel,222,0,0.0,0.0,0.0,0.0,0.0,0.0,0,0,0.0,0,0,0.0,0
2023-03-06,2023-03-06,Jumbo Jumble - ESF,USD,Halley - Campaign 5,Halley - AdGroup 5,keyword: turkish cotton towel,Exact,turkish cotton towel,306,0,0.0,0.0,0.0,0.0,0.0,0.0,0,0,0.0,0,0,0.0,0
2023-10-23,2023-10-23,Jumbo Jumble - ESF,USD,Halley - Campaign 5,Halley - AdGroup 5,keyword: premium bath towels,Phrase,premium bath towels,943,0,0.0,0.0,0.0,0.0,0.0,0.0,0,0,0.0,0,0,0.0,0
2023-11-20,2023-11-20,Jumbo Jumble - ESF,USD,Halley - Campaign 5,Halley - AdGroup 5,keyword: premium bath towels,Exact,premium bath towels,473,1,0.0021,1.26,1.26,2.92,0.4315,2.3175,0,0,0.0,0,0,2.92,0
2023-01-09,2023-01-09,Jumbo Jumble - ESF,USD,Halley - Campaign 5,Halley - AdGroup 5,keyword: premium bath towels,Phrase,premium bath towels,98,0,0.0,0.0,0.0,0.0,0.0,0.0,0,0,0.0,0,0,0.0,0
2023-02-27,2023-02-27,Halley - ESF,USD,Harveast - Campaign 6,Harveast - AdGroup 1,keyword: infant care kit,Exact,infant care kit,1032,3,0.0029,0.39,1.18,2.77,0.426,2.3475,0,0,0.0,0,0,2.77,0
2023-07-31,2023-07-31,Halley - ESF,USD,Harveast - Campaign 6,Harveast - AdGroup 1,keyword: infant care kit,Exact,infant care kit,79,0,0.0,0.0,0.0,0.0,0.0,0.0,0,0,0.0,0,0,0.0,0
2023-07-03,2023-07-03,Halley - ESF,USD,Harveast - Campaign 6,Harveast - AdGroup 1,keyword: infant care kit,Exact,infant care kit,43,0,0.0,0.0,0.0,0.0,0.0,0.0,0,0,0.0,0,0,0.0,0
2023-06-05,2023-06-05,Halley - ESF,USD,Harveast - Campaign 6,Harveast - AdGroup 1,keyword: vegan snack pack,Broad,vegan snack pack,49,0,0.0,0.0,0.0,0.0,0.0,0.0,0,0,0.0,0,0,0.0,0
2023-09-18,2023-09-18,Halley - ESF,USD,Harveast - Campaign 6,Harveast - AdGroup 1,keyword: vegan snack pack,Exact,vegan snack pack,1512,3,0.002,0.43,1.28,2.55,0.502,1.9922,0,0,0.0,0,0,2.55,0
2023-08-28,2023-08-28,Halley - ESF,USD,Harveast - Campaign 6,Harveast - AdGroup 1,keyword: vegan snack pack,Phrase,vegan snack pack,888,16,0.018,1.0,15.96,23.16,0.6891,1.4511,0,0,0.0,0,0,23.16,0
2023-08-28,2023-08-28,Halley - ESF,USD,Harveast - Campaign 6,Harveast - AdGroup 1,keyword: natural fruit snack,Exact,natural fruit snack,27,0,0.0,0.0,0.0,0.0,0.0,0.0,0,0,0.0,0,0,0.0,0
2023-06-26,2023-06-26,Halley - ESF,USD,Harveast - Campaign 6,Harveast - AdGroup 1,keyword: natural fruit snack,Exact,natural fruit snack,16,0,0.0,0.0,0.0,0.0,0.0,0.0,0,0,0.0,0,0,0.0,0
2023-12-04,2023-12-04,Halley - ESF,USD,Harveast - Campaign 6,Harveast - AdGroup 1,keyword: natural fruit snack,Exact,natural fruit snack,1034,12,0.0116,0.81,9.76,13.65,0.715,1.3986,0,0,0.0,0,0,13.65,0
2023-07-03,2023-07-03,Halley - ESF,USD,Harveast - Campaign 6,Harveast - AdGroup 1,keyword: camping tent 4 person,Broad,camping tent 4 person,105,0,0.0,0.0,0.0,0.0,0.0,0.0,0,0,0.0,0,0,0.0,0
2023-02-27,2023-02-27,Halley - ESF,USD,Harveast - Campaign 6,Harveast - AdGroup 1,keyword: camping tent 4 person,Phrase,camping tent 4 person,204,0,0.0,0.0,0.0,0.0,0.0,0.0,0,0,0.0,0,0,0.0,0
2023-04-03,2023-04-03,Halley - ESF,USD,Harveast - Campaign 6,Harveast - AdGroup 1,keyword: camping tent 4 person,Broad,camping tent 4 person,16,0,0.0,0.0,0.0,0.0,0.0,0.0,0,0,0.0,0,0,0.0,0
2023-07-17,2023-07-17,Halley - ESF,USD,Harveast - Campaign 6,Harveast - AdGroup 1,keyword: air freshener home,Broad,air freshener home,334,1,0.003,1.47,1.47,1.88,0.7819,1.2789,0,0,0.0,0,0,1.88,0
2023-10-23,2023-10-23,Halley - ESF,USD,Harveast - Campaign 6,Harveast - AdGroup 1,keyword: air freshener home,Exact,air freshener home,158,0,0.0,0.0,0.0,0.0,0.0,0.0,0,0,0.0,0,0,0.0,0
2023-09-04,2023-09-04,Halley - ESF,USD,Harveast - Campaign 6,Harveast - AdGroup 1,keyword: air freshener home,Broad,air freshener home,109,0,0.0,0.0,0.0,0.0,0.0,0.0,0,0,0.0,0,0,0.0,0
2023-12-11,2023-12-11,Harveast - ESF,USD,BioBlas - Campaign 6,BioBlas - AdGroup 2,keyword: premium bath towels,Broad,premium bath towels,46,0,0.0,0.0,0.0,0.0,0.0,0.0,0,0,0.0,0,0,0.0,0
2023-03-27,2023-03-27,Harveast - ESF,USD,BioBlas - Campaign 6,BioBlas - AdGroup 2,keyword: premium bath towels,Phrase,premium bath towels,245,1,0.0041,1.3,1.3,2.0,0.65,1.5385,0,0,0.0,0,0,2.0,0
2023-06-26,2023-06-26,Harveast - ESF,USD,BioBlas - Campaign 6,BioBlas - AdGroup 2,keyword: premium bath towels,Phrase,premium bath towels,400,0,0.0,0.0,0.0,0.0,0.0,0.0,0,0,0.0,0,0,0.0,0
2023-07-17,2023-07-17,Harveast - ESF,USD,BioBlas - Campaign 6,BioBlas - AdGroup 2,keyword: massage oil relaxing,Exact,massage oil relaxing,731,0,0.0,0.0,0.0,0.0,0.0,0.0,0,0,0.0,0,0,0.0,0
2023-01-16,2023-01-16,Harveast - ESF,USD,BioBlas - Campaign 6,BioBlas - AdGroup 2,keyword: massage oil relaxing,Broad,massage oil relaxing,30,0,0.0,0.0,0.0,0.0,0.0,0.0,0,0,0.0,0,0,0.0,0
2023-08-14,2023-08-14,Harveast - ESF,USD,BioBlas - Campaign 6,BioBlas - AdGroup 2,keyword: massage oil relaxing,Broad,massage oil relaxing,140,0,0.0,0.0,0.0,0.0,0.0,0.0,0,0,0.0,0,0,0.0,0
2023-01-30,2023-01-30,Harveast - ESF,USD,BioBlas - Campaign 6,BioBlas - AdGroup 2,keyword: baby soft towel,Exact,baby soft towel,42,0,0.0,0.0,0.0,0.0,0.0,0.0,0,0,0.0,0,0,0.0,0
2023-03-13,2023-03-13,Harveast - ESF,USD,BioBlas - Campaign 6,BioBlas - AdGroup 2,keyword: baby soft towel,Phrase,baby soft towel,57,0,0.0,0.0,0.0,0.0,0.0,0.0,0,0,0.0,0,0,0.0,0
2023-03-27,2023-03-27,Harveast - ESF,USD,BioBlas - Campaign 6,BioBlas - AdGroup 2,keyword: baby soft towel,Broad,baby soft towel,6,0,0.0,0.0,0.0,0.0,0.0,0.0,0,0,0.0,0,0,0.0,0
2023-01-02,2023-01-02,Harveast - ESF,USD,BioBlas - Campaign 6,BioBlas - AdGroup 2,keyword: desk accessories,Phrase,desk accessories,275,1,0.0036,0.32,0.32,0.69,0.4638,2.1562,0,0,0.0,0,0,0.69,0
2023-01-23,2023-01-23,Harveast - ESF,USD,BioBlas - Campaign 6,BioBlas - AdGroup 2,keyword: desk accessories,Phrase,desk accessories,54,0,0.0,0.0,0.0,0.0,0.0,0.0,0,0,0.0,0,0,0.0,0
2023-01-09,2023-01-09,Harveast - ESF,USD,BioBlas - Campaign 6,BioBlas - AdGroup 2,keyword: desk accessories,Broad,desk accessories,966,0,0.0,0.0,0.0,0.0,0.0,0.0,0,0,0.0,0,0,0.0,0
2023-01-02,2023-01-02,Harveast - ESF,USD,BioBlas - Campaign 6,BioBlas - AdGroup 2,keyword: gym water bottle,Phrase,gym water bottle,318,2,0.0063,1.22,2.44,4.9,0.498,2.0082,0,0,0.0,0,0,4.9,0
2023-08-21,2023-08-21,Harveast - ESF,USD,BioBlas - Campaign 6,BioBlas - AdGroup 2,keyword: gym water bottle,Broad,gym water bottle,450,2,0.0044,0.45,0.89,1.35,0.6593,1.5169,0,0,0.0,0,0,1.35,0
2023-09-11,2023-09-11,Harveast - ESF,USD,BioBlas - Campaign 6,BioBlas - AdGroup 2,keyword: gym water bottle,Exact,gym water bottle,33,0,0.0,0.0,0.0,0.0,0.0,0.0,0,0,0.0,0,0,0.0,0
2023-07-24,2023-07-24,Bioblas - ESF,USD,OrientTherapy - Campaign 6,OrientTherapy - AdGroup 3,keyword: hiking backpack,Exact,hiking backpack,57,0,0.0,0.0,0.0,0.0,0.0,0.0,0,0,0.0,0,0,0.0,0
2023-11-27,2023-11-27,Bioblas - ESF,USD,OrientTherapy - Campaign 6,OrientTherapy - AdGroup 3,keyword: hiking backpack,Exact,hiking backpack,46,0,0.0,0.0,0.0,0.0,0.0,0.0,0,0,0.0,0,0,0.0,0
2023-09-18,2023-09-18,Bioblas - ESF,USD,OrientTherapy - Campaign 6,OrientTherapy - AdGroup 3,keyword: hiking backpack,Exact,hiking backpack,1365,0,0.0,0.0,0.0,0.0,0.0,0.0,0,0,0.0,0,0,0.0,0
2023-05-29,2023-05-29,Bioblas - ESF,USD,OrientTherapy - Campaign 6,OrientTherapy - AdGroup 3,keyword: air freshener home,Exact,air freshener home,56,0,0.0,0.0,0.0,0.0,0.0,0.0,0,0,0.0,0,0,0.0,0
2023-05-15,2023-05-15,Bioblas - ESF,USD,OrientTherapy - Campaign 6,OrientTherapy - AdGroup 3,keyword: air freshener home,Phrase,air freshener home,75,0,0.0,0.0,0.0,0.0,0.0,0.0,0,0,0.0,0,0,0.0,0
2023-08-28,2023-08-28,Bioblas - ESF,USD,OrientTherapy - Campaign 6,OrientTherapy - AdGroup 3,keyword: air freshener home,Exact,air freshener home,4,0,0.0,0.0,0.0,0.0,0.0,0.0,0,0,0.0,0,0,0.0,0
2023-09-18,2023-09-18,Bioblas - ESF,USD,OrientTherapy - Campaign 6,OrientTherapy - AdGroup 3,keyword: office desk organizer,Broad,office desk organizer,254,1,0.0039,1.12,1.12,4.08,0.2745,3.6429,0,0,0.0,0,0,4.08,0
2023-08-14,2023-08-14,Bioblas - ESF,USD,OrientTherapy - Campaign 6,OrientTherapy - AdGroup 3,keyword: office desk organizer,Phrase,office desk organizer,149,0,0.0,0.0,0.0,0.0,0.0,0.0,0,0,0.0,0,0,0.0,0
2023-05-01,2023-05-01,Bioblas - ESF,USD,OrientTherapy - Campaign 6,OrientTherapy - AdGroup 3,keyword: office desk organizer,Broad,office desk organizer,218,0,0.0,0.0,0.0,0.0,0.0,0.0,0,0,0.0,0,0,0.0,0
2023-05-22,2023-05-22,Bioblas - ESF,USD,OrientTherapy - Campaign 6,OrientTherapy - AdGroup 3,keyword: protein shaker bottle,Exact,protein shaker bottle,243,0,0.0,0.0,0.0,0.0,0.0,0.0,0,0,0.0,0,0,0.0,0
2023-02-06,2023-02-06,Bioblas - ESF,USD,OrientTherapy - Campaign 6,OrientTherapy - AdGroup 3,keyword: protein shaker bottle,Exact,protein shaker bottle,75,0,0.0,0.0,0.0,0.0,0.0,0.0,0,0,0.0,0,0,0.0,0
2023-10-23,2023-10-23,Bioblas - ESF,USD,OrientTherapy - Campaign 6,OrientTherapy - AdGroup 3,keyword: protein shaker bottle,Broad,protein shaker bottle,152,1,0.0066,1.46,1.46,4.62,0.316,3.1644,0,0,0.0,0,0,4.62,0
2023-10-09,2023-10-09,Bioblas - ESF,USD,OrientTherapy - Campaign 6,OrientTherapy - AdGroup 3,keyword: air purifier hepa,Phrase,air purifier hepa,208,2,0.0096,1.31,2.63,24.26,0.1084,9.2243,1,1,0.5,1,0,24.26,0
2023-04-24,2023-04-24,Bioblas - ESF,USD,OrientTherapy - Campaign 6,OrientTherapy - AdGroup 3,keyword: air purifier hepa,Phrase,air purifier hepa,282,3,0.0106,1.22,3.65,12.4,0.2944,3.3973,0,0,0.0,0,0,12.4,0
2023-12-25,2023-12-25,Bioblas - ESF,USD,OrientTherapy - Campaign 6,OrientTherapy - AdGroup 3,keyword: air purifier hepa,Exact,air purifier hepa,172,0,0.0,0.0,0.0,0.0,0.0,0.0,0,0,0.0,0,0,0.0,0
2023-05-01,2023-05-01,Orient Therapy - ESF,USD,JumboJumble - Campaign 6,JumboJumble - AdGroup 4,keyword: newborn bath set,Broad,newborn bath set,17,0,0.0,0.0,0.0,0.0,0.0,0.0,0,0,0.0,0,0,0.0,0
2023-06-26,2023-06-26,Orient Therapy - ESF,USD,JumboJumble - Campaign 6,JumboJumble - AdGroup 4,keyword: newborn bath set,Exact,newborn bath set,277,0,0.0,0.0,0.0,0.0,0.0,0.0,0,0,0.0,0,0,0.0,0
2023-07-10,2023-07-10,Orient Therapy - ESF,USD,JumboJumble - Campaign 6,JumboJumble - AdGroup 4,keyword: newborn bath set,Exact,newborn bath set,165,0,0.0,0.0,0.0,0.0,0.0,0.0,0,0,0.0,0,0,0.0,0
2023-12-11,2023-12-11,Orient Therapy - ESF,USD,JumboJumble - Campaign 6,JumboJumble - AdGroup 4,keyword: essential oil diffuser,Broad,essential oil diffuser,15,0,0.0,0.0,0.0,0.0,0.0,0.0,0,0,0.0,0,0,0.0,0
2023-08-28,2023-08-28,Orient Therapy - ESF,USD,JumboJumble - Campaign 6,JumboJumble - AdGroup 4,keyword: essential oil diffuser,Exact,essential oil diffuser,36,0,0.0,0.0,0.0,0.0,0.0,0.0,0,0,0.0,0,0,0.0,0
2023-02-06,2023-02-06,Orient Therapy - ESF,USD,JumboJumble - Campaign 6,JumboJumble - AdGroup 4,keyword: essential oil diffuser,Broad,essential oil diffuser,83,0,0.0,0.0,0.0,0.0,0.0,0.0,0,0,0.0,0,0,0.0,0
2023-03-06,2023-03-06,Orient Therapy - ESF,USD,JumboJumble - Campaign 6,JumboJumble - AdGroup 4,keyword: dried figs snack,Broad,dried figs snack,34,0,0.0,0.0,0.0,0.0,0.0,0.0,0,0,0.0,0,0,0.0,0
2023-06-26,2023-06-26,Orient Therapy - ESF,USD,JumboJumble - Campaign 6,JumboJumble - AdGroup 4,keyword: dried figs snack,Phrase,dried figs snack,200,2,0.01,0.9,1.79,3.07,0.5831,1.7151,0,0,0.0,0,0,3.07,0
2023-01-16,2023-01-16,Orient Therapy - ESF,USD,JumboJumble - Campaign 6,JumboJumble - AdGroup 4,keyword: dried figs snack,Broad,dried figs snack,351,1,0.0028,0.57,0.57,0.77,0.7403,1.3509,0,0,0.0,0,0,0.77,0
2023-07-03,2023-07-03,Orient Therapy - ESF,USD,JumboJumble - Campaign 6,JumboJumble - AdGroup 4,keyword: baby soft towel,Phrase,baby soft towel,362,0,0.0,0.0,0.0,0.0,0.0,0.0,0,0,0.0,0,0,0.0,0
2023-05-15,2023-05-15,Orient Therapy - ESF,USD,JumboJumble - Campaign 6,JumboJumble - AdGroup 4,keyword: baby soft towel,Broad,baby soft towel,255,0,0.0,0.0,0.0,0.0,0.0,0.0,0,0,0.0,0,0,0.0,0
2023-03-13,2023-03-13,Orient Therapy - ESF,USD,JumboJumble - Campaign 6,JumboJumble - AdGroup 4,keyword: baby soft towel,Broad,baby soft towel,299,2,0.0067,1.04,2.09,2.63,0.7947,1.2584,0,0,0.0,0,0,2.63,0
2023-09-04,2023-09-04,Orient Therapy - ESF,USD,JumboJumble - Campaign 6,JumboJumble - AdGroup 4,keyword: home office supplies,Phrase,home office supplies,48,0,0.0,0.0,0.0,0.0,0.0,0.0,0,0,0.0,0,0,0.0,0
2023-11-06,2023-11-06,Orient Therapy - ESF,USD,JumboJumble - Campaign 6,JumboJumble - AdGroup 4,keyword: home office supplies,Phrase,home office supplies,318,3,0.0094,1.43,4.28,7.93,0.5397,1.8528,0,0,0.0,0,0,7.93,0
2023-05-29,2023-05-29,Orient Therapy - ESF,USD,JumboJumble - Campaign 6,JumboJumble - AdGroup 4,keyword: home office supplies,Exact,home office supplies,230,0,0.0,0.0,0.0,0.0,0.0,0.0,0,0,0.0,0,0,0.0,0
2023-03-20,2023-03-20,Jumbo Jumble - ESF,USD,NaturPlus - Campaign 6,NaturPlus - AdGroup 5,keyword: massage oil relaxing,Broad,massage oil relaxing,332,0,0.0,0.0,0.0,0.0,0.0,0.0,0,0,0.0,0,0,0.0,0
2023-04-10,2023-04-10,Jumbo Jumble - ESF,USD,NaturPlus - Campaign 6,NaturPlus - AdGroup 5,keyword: massage oil relaxing,Phrase,massage oil relaxing,268,2,0.0075,0.4,0.8,1.62,0.4938,2.025,0,0,0.0,0,0,1.62,0
2023-01-23,2023-01-23,Jumbo Jumble - ESF,USD,NaturPlus - Campaign 6,NaturPlus - AdGroup 5,keyword: massage oil relaxing,Exact,massage oil relaxing,8,0,0.0,0.0,0.0,0.0,0.0,0.0,0,0,0.0,0,0,0.0,0
2023-03-20,2023-03-20,Jumbo Jumble - ESF,USD,NaturPlus - Campaign 6,NaturPlus - AdGroup 5,keyword: camping tent 4 person,Exact,camping tent 4 person,149,0,0.0,0.0,0.0,0.0,0.0,0.0,0,0,0.0,0,0,0.0,0
2023-03-27,2023-03-27,Jumbo Jumble - ESF,USD,NaturPlus - Campaign 6,NaturPlus - AdGroup 5,keyword: camping tent 4 person,Exact,camping tent 4 person,247,4,0.0162,0.81,3.25,9.4,0.3457,2.8923,0,0,0.0,0,0,9.4,0
2023-02-27,2023-02-27,Jumbo Jumble - ESF,USD,NaturPlus - Campaign 6,NaturPlus - AdGroup 5,keyword: camping tent 4 person,Exact,camping tent 4 person,224,0,0.0,0.0,0.0,0.0,0.0,0.0,0,0,0.0,0,0,0.0,0
2023-06-12,2023-06-12,Jumbo Jumble - ESF,USD,NaturPlus - Campaign 6,NaturPlus - AdGroup 5,keyword: premium bath towels,Phrase,premium bath towels,447,0,0.0,0.0,0.0,0.0,0.0,0.0,0,0,0.0,0,0,0.0,0
2023-01-02,2023-01-02,Jumbo Jumble - ESF,USD,NaturPlus - Campaign 6,NaturPlus - AdGroup 5,keyword: premium bath towels,Exact,premium bath towels,154,0,0.0,0.0,0.0,0.0,0.0,0.0,0,0,0.0,0,0,0.0,0
2023-08-07,2023-08-07,Jumbo Jumble - ESF,USD,NaturPlus - Campaign 6,NaturPlus - AdGroup 5,keyword: premium bath towels,Exact,premium bath towels,2944,3,0.001,1.4,4.19,6.67,0.6282,1.5919,0,0,0.0,0,0,6.67,0
2023-01-16,2023-01-16,Jumbo Jumble - ESF,USD,NaturPlus - Campaign 6,NaturPlus - AdGroup 5,keyword: spa gift set,Broad,spa gift set,895,3,0.0034,0.51,1.54,7.66,0.201,4.974,0,0,0.0,0,0,7.66,0
2023-05-15,2023-05-15,Jumbo Jumble - ESF,USD,NaturPlus - Campaign 6,NaturPlus - AdGroup 5,keyword: spa gift set,Broad,spa gift set,184,1,0.0054,1.32,1.32,4.26,0.3099,3.2273,0,0,0.0,0,0,4.26,0
2023-10-16,2023-10-16,Jumbo Jumble - ESF,USD,NaturPlus - Campaign 6,NaturPlus - AdGroup 5,keyword: spa gift set,Phrase,spa gift set,429,3,0.007,0.43,1.29,7.98,0.1617,6.186,0,0,0.0,0,0,7.98,0
2023-08-07,2023-08-07,Jumbo Jumble - ESF,USD,NaturPlus - Campaign 6,NaturPlus - AdGroup 5,keyword: newborn bath set,Phrase,newborn bath set,789,6,0.0076,1.26,7.55,9.58,0.7881,1.2689,0,0,0.0,0,0,9.58,0
2023-11-20,2023-11-20,Jumbo Jumble - ESF,USD,NaturPlus - Campaign 6,NaturPlus - AdGroup 5,keyword: newborn bath set,Broad,newborn bath set,76,0,0.0,0.0,0.0,0.0,0.0,0.0,0,0,0.0,0,0,0.0,0
2023-11-27,2023-11-27,Jumbo Jumble - ESF,USD,NaturPlus - Campaign 6,NaturPlus - AdGroup 5,keyword: newborn bath set,Broad,newborn bath set,26,0,0.0,0.0,0.0,0.0,0.0,0.0,0,0,0.0,0,0,0.0,0
2023-12-04,2023-12-04,Halley - ESF,USD,EcoHome - Campaign 7,EcoHome - AdGroup 1,keyword: protein shaker bottle,Exact,protein shaker bottle,366,0,0.0,0.0,0.0,0.0,0.0,0.0,0,0,0.0,0,0,0.0,0
2023-02-13,2023-02-13,Halley - ESF,USD,EcoHome - Campaign 7,EcoHome - AdGroup 1,keyword: protein shaker bottle,Exact,protein shaker bottle,514,2,0.0039,1.45,2.89,7.69,0.3758,2.6609,0,0,0.0,0,0,7.69,0
2023-11-27,2023-11-27,Halley - ESF,USD,EcoHome - Campaign 7,EcoHome - AdGroup 1,keyword: protein shaker bottle,Phrase,protein shaker bottle,148,2,0.0135,0.77,1.54,3.92,0.3929,2.5455,0,0,0.0,0,0,3.92,0
2023-11-06,2023-11-06,Halley - ESF,USD,EcoHome - Campaign 7,EcoHome - AdGroup 1,keyword: aromatherapy oil,Phrase,aromatherapy oil,328,0,0.0,0.0,0.0,0.0,0.0,0.0,0,0,0.0,0,0,0.0,0
2023-12-18,2023-12-18,Halley - ESF,USD,EcoHome - Campaign 7,EcoHome - AdGroup 1,keyword: aromatherapy oil,Exact,aromatherapy oil,6,0,0.0,0.0,0.0,0.0,0.0,0.0,0,0,0.0,0,0,0.0,0
2023-06-26,2023-06-26,Halley - ESF,USD,EcoHome - Campaign 7,EcoHome - AdGroup 1,keyword: aromatherapy oil,Phrase,aromatherapy oil,36,0,0.0,0.0,0.0,0.0,0.0,0.0,0,0,0.0,0,0,0.0,0
2023-08-28,2023-08-28,Halley - ESF,USD,EcoHome - Campaign 7,EcoHome - AdGroup 1,keyword: fitness accessories,Exact,fitness accessories,44,0,0.0,0.0,0.0,0.0,0.0,0.0,0,0,0.0,0,0,0.0,0
2023-07-17,2023-07-17,Halley - ESF,USD,EcoHome - Campaign 7,EcoHome - AdGroup 1,keyword: fitness accessories,Broad,fitness accessories,170,2,0.0118,0.65,1.3,3.04,0.4276,2.3385,0,0,0.0,0,0,3.04,0
2023-08-14,2023-08-14,Halley - ESF,USD,EcoHome - Campaign 7,EcoHome - AdGroup 1,keyword: fitness accessories,Phrase,fitness accessories,131,0,0.0,0.0,0.0,0.0,0.0,0.0,0,0,0.0,0,0,0.0,0
2023-01-02,2023-01-02,Halley - ESF,USD,EcoHome - Campaign 7,EcoHome - AdGroup 1,keyword: outdoor gear,Exact,outdoor gear,65,0,0.0,0.0,0.0,0.0,0.0,0.0,0,0,0.0,0,0,0.0,0
2023-01-16,2023-01-16,Halley - ESF,USD,EcoHome - Campaign 7,EcoHome - AdGroup 1,keyword: outdoor gear,Phrase,outdoor gear,121,0,0.0,0.0,0.0,0.0,0.0,0.0,0,0,0.0,0,0,0.0,0
2023-07-03,2023-07-03,Halley - ESF,USD,EcoHome - Campaign 7,EcoHome - AdGroup 1,keyword: outdoor gear,Phrase,outdoor gear,61,0,0.0,0.0,0.0,0.0,0.0,0.0,0,0,0.0,0,0,0.0,0
2023-05-01,2023-05-01,Halley - ESF,USD,EcoHome - Campaign 7,EcoHome - AdGroup 1,keyword: natural fruit snack,Phrase,natural fruit snack,542,0,0.0,0.0,0.0,0.0,0.0,0.0,0,0,0.0,0,0,0.0,0
2023-12-25,2023-12-25,Halley - ESF,USD,EcoHome - Campaign 7,EcoHome - AdGroup 1,keyword: natural fruit snack,Broad,natural fruit snack,294,1,0.0034,1.35,1.35,2.15,0.6279,1.5926,0,0,0.0,0,0,2.15,0
2023-04-03,2023-04-03,Halley - ESF,USD,EcoHome - Campaign 7,EcoHome - AdGroup 1,keyword: natural fruit snack,Phrase,natural fruit snack,302,2,0.0066,0.48,0.96,2.86,0.3357,2.9792,0,0,0.0,0,0,2.86,0
2023-09-11,2023-09-11,Harveast - ESF,USD,VitaGreen - Campaign 7,VitaGreen - AdGroup 2,keyword: newborn bath set,Exact,newborn bath set,116,0,0.0,0.0,0.0,0.0,0.0,0.0,0,0,0.0,0,0,0.0,0
2023-12-18,2023-12-18,Harveast - ESF,USD,VitaGreen - Campaign 7,VitaGreen - AdGroup 2,keyword: newborn bath set,Broad,newborn bath set,31,0,0.0,0.0,0.0,0.0,0.0,0.0,0,0,0.0,0,0,0.0,0
2023-03-20,2023-03-20,Harveast - ESF,USD,VitaGreen - Campaign 7,VitaGreen - AdGroup 2,keyword: newborn bath set,Exact,newborn bath set,167,0,0.0,0.0,0.0,0.0,0.0,0.0,0,0,0.0,0,0,0.0,0
2023-10-02,2023-10-02,Harveast - ESF,USD,VitaGreen - Campaign 7,VitaGreen - AdGroup 2,keyword: desk accessories,Phrase,desk accessories,162,1,0.0062,0.53,0.53,1.09,0.4862,2.0566,0,0,0.0,0,0,1.09,0
2023-08-07,2023-08-07,Harveast - ESF,USD,VitaGreen - Campaign 7,VitaGreen - AdGroup 2,keyword: desk accessories,Phrase,desk accessories,257,0,0.0,0.0,0.0,0.0,0.0,0.0,0,0,0.0,0,0,0.0,0
2023-12-11,2023-12-11,Harveast - ESF,USD,VitaGreen - Campaign 7,VitaGreen - AdGroup 2,keyword: desk accessories,Exact,desk accessories,66,0,0.0,0.0,0.0,0.0,0.0,0.0,0,0,0.0,0,0,0.0,0
2023-09-18,2023-09-18,Harveast - ESF,USD,VitaGreen - Campaign 7,VitaGreen - AdGroup 2,keyword: vegan snack pack,Broad,vegan snack pack,40,0,0.0,0.0,0.0,0.0,0.0,0.0,0,0,0.0,0,0,0.0,0
2023-12-18,2023-12-18,Harveast - ESF,USD,VitaGreen - Campaign 7,VitaGreen - AdGroup 2,keyword: vegan snack pack,Phrase,vegan snack pack,321,0,0.0,0.0,0.0,0.0,0.0,0.0,0,0,0.0,0,0,0.0,0
2023-05-08,2023-05-08,Harveast - ESF,USD,VitaGreen - Campaign 7,VitaGreen - AdGroup 2,keyword: vegan snack pack,Broad,vegan snack pack,208,0,0.0,0.0,0.0,0.0,0.0,0.0,0,0,0.0,0,0,0.0,0
2023-06-26,2023-06-26,Harveast - ESF,USD,VitaGreen - Campaign 7,VitaGreen - AdGroup 2,keyword: outdoor gear,Broad,outdoor gear,738,1,0.0014,0.32,0.32,0.46,0.6957,1.4375,0,0,0.0,0,0,0.46,0
2023-04-24,2023-04-24,Harveast - ESF,USD,VitaGreen - Campaign 7,VitaGreen - AdGroup 2,keyword: outdoor gear,Phrase,outdoor gear,2646,14,0.0053,0.52,7.25,34.09,0.2127,4.7021,0,0,0.0,0,0,34.09,0
2023-12-11,2023-12-11,Harveast - ESF,USD,VitaGreen - Campaign 7,VitaGreen - AdGroup 2,keyword: outdoor gear,Exact,outdoor gear,104,1,0.0096,0.54,0.54,0.86,0.6279,1.5926,0,0,0.0,0,0,0.86,0
2023-03-20,2023-03-20,Harveast - ESF,USD,VitaGreen - Campaign 7,VitaGreen - AdGroup 2,keyword: essential oil diffuser,Phrase,essential oil diffuser,105,0,0.0,0.0,0.0,0.0,0.0,0.0,0,0,0.0,0,0,0.0,0
2023-04-17,2023-04-17,Harveast - ESF,USD,VitaGreen - Campaign 7,VitaGreen - AdGroup 2,keyword: essential oil diffuser,Phrase,essential oil diffuser,142,0,0.0,0.0,0.0,0.0,0.0,0.0,0,0,0.0,0,0,0.0,0
2023-01-09,2023-01-09,Harveast - ESF,USD,VitaGreen - Campaign 7,VitaGreen - AdGroup 2,keyword: essential oil diffuser,Phrase,essential oil diffuser,109,0,0.0,0.0,0.0,0.0,0.0,0.0,0,0,0.0,0,0,0.0,0
2023-08-14,2023-08-14,Bioblas - ESF,USD,Halley - Campaign 7,Halley - AdGroup 3,keyword: hiking backpack,Broad,hiking backpack,199,0,0.0,0.0,0.0,0.0,0.0,0.0,0,0,0.0,0,0,0.0,0
2023-06-19,2023-06-19,Bioblas - ESF,USD,Halley - Campaign 7,Halley - AdGroup 3,keyword: hiking backpack,Exact,hiking backpack,23,0,0.0,0.0,0.0,0.0,0.0,0.0,0,0,0.0,0,0,0.0,0
2023-01-23,2023-01-23,Bioblas - ESF,USD,Halley - Campaign 7,Halley - AdGroup 3,keyword: hiking backpack,Exact,hiking backpack,163,0,0.0,0.0,0.0,0.0,0.0,0.0,0,0,0.0,0,0,0.0,0
2023-09-25,2023-09-25,Bioblas - ESF,USD,Halley - Campaign 7,Halley - AdGroup 3,keyword: camping tent 4 person,Broad,camping tent 4 person,341,0,0.0,0.0,0.0,0.0,0.0,0.0,0,0,0.0,0,0,0.0,0
2023-01-23,2023-01-23,Bioblas - ESF,USD,Halley - Campaign 7,Halley - AdGroup 3,keyword: camping tent 4 person,Phrase,camping tent 4 person,147,0,0.0,0.0,0.0,0.0,0.0,0.0,0,0,0.0,0,0,0.0,0
2023-02-06,2023-02-06,Bioblas - ESF,USD,Halley - Campaign 7,Halley - AdGroup 3,keyword: camping tent 4 person,Exact,camping tent 4 person,15,0,0.0,0.0,0.0,0.0,0.0,0.0,0,0,0.0,0,0,0.0,0
2023-08-07,2023-08-07,Bioblas - ESF,USD,Halley - Campaign 7,Halley - AdGroup 3,keyword: home office supplies,Phrase,home office supplies,547,2,0.0037,1.01,2.02,4.73,0.4271,2.3416,0,0,0.0,0,0,4.73,0
2023-11-27,2023-11-27,Bioblas - ESF,USD,Halley - Campaign 7,Halley - AdGroup 3,keyword: home office supplies,Phrase,home office supplies,1071,7,0.0065,0.35,2.48,3.97,0.6247,1.6008,0,0,0.0,0,0,3.97,0
2023-02-13,2023-02-13,Bioblas - ESF,USD,Halley - Campaign 7,Halley - AdGroup 3,keyword: home office supplies,Phrase,home office supplies,147,0,0.0,0.0,0.0,0.0,0.0,0.0,0,0,0.0,0,0,0.0,0
2023-10-30,2023-10-30,Bioblas - ESF,USD,Halley - Campaign 7,Halley - AdGroup 3,keyword: desk accessories,Exact,desk accessories,80,0,0.0,0.0,0.0,0.0,0.0,0.0,0,0,0.0,0,0,0.0,0
2023-11-13,2023-11-13,Bioblas - ESF,USD,Halley - Campaign 7,Halley - AdGroup 3,keyword: desk accessories,Exact,desk accessories,301,1,0.0033,0.91,0.91,5.39,0.1688,5.9231,0,0,0.0,0,0,5.39,0
2023-10-02,2023-10-02,Bioblas - ESF,USD,Halley - Campaign 7,Halley - AdGroup 3,keyword: desk accessories,Phrase,desk accessories,33,0,0.0,0.0,0.0,0.0,0.0,0.0,0,0,0.0,0,0,0.0,0
2023-01-02,2023-01-02,Bioblas - ESF,USD,Halley - Campaign 7,Halley - AdGroup 3,keyword: infant care kit,Phrase,infant care kit,146,0,0.0,0.0,0.0,0.0,0.0,0.0,0,0,0.0,0,0,0.0,0
2023-10-09,2023-10-09,Bioblas - ESF,USD,Halley - Campaign 7,Halley - AdGroup 3,keyword: infant care kit,Exact,infant care kit,128,0,0.0,0.0,0.0,0.0,0.0,0.0,0,0,0.0,0,0,0.0,0
2023-02-20,2023-02-20,Bioblas - ESF,USD,Halley - Campaign 7,Halley - AdGroup 3,keyword: infant care kit,Broad,infant care kit,2,0,0.0,0.0,0.0,0.0,0.0,0.0,0,0,0.0,0,0,0.0,0
2023-01-02,2023-01-02,Orient Therapy - ESF,USD,Harveast - Campaign 7,Harveast - AdGroup 4,keyword: fitness accessories,Broad,fitness accessories,719,5,0.007,1.24,6.18,11.9,0.5193,1.9256,0,0,0.0,0,0,11.9,0
2023-07-31,2023-07-31,Orient Therapy - ESF,USD,Harveast - Campaign 7,Harveast - AdGroup 4,keyword: fitness accessories,Broad,fitness accessories,581,2,0.0034,0.86,1.72,2.26,0.7611,1.314,0,0,0.0,0,0,2.26,0
2023-02-27,2023-02-27,Orient Therapy - ESF,USD,Harveast - Campaign 7,Harveast - AdGroup 4,keyword: fitness accessories,Phrase,fitness accessories,716,3,0.0042,0.96,2.89,6.3,0.4587,2.1799,0,0,0.0,0,0,6.3,0
2023-03-06,2023-03-06,Orient Therapy - ESF,USD,Harveast - Campaign 7,Harveast - AdGroup 4,keyword: gym water bottle,Phrase,gym water bottle,2085,27,0.0129,1.11,30.03,41.98,0.7153,1.3979,1,1,0.037,1,0,41.98,0
2023-02-27,2023-02-27,Orient Therapy - ESF,USD,Harveast - Campaign 7,Harveast - AdGroup 4,keyword: gym water bottle,Broad,gym water bottle,412,0,0.0,0.0,0.0,0.0,0.0,0.0,0,0,0.0,0,0,0.0,0
2023-03-27,2023-03-27,Orient Therapy - ESF,USD,Harveast - Campaign 7,Harveast - AdGroup 4,keyword: gym water bottle,Broad,gym water bottle,40,0,0.0,0.0,0.0,0.0,0.0,0.0,0,0,0.0,0,0,0.0,0
2023-01-16,2023-01-16,Orient Therapy - ESF,USD,Harveast - Campaign 7,Harveast - AdGroup 4,keyword: office desk organizer,Broad,office desk organizer,351,1,0.0028,0.97,0.97,5.57,0.1741,5.7423,0,0,0.0,0,0,5.57,0
2023-07-17,2023-07-17,Orient Therapy - ESF,USD,Harveast - Campaign 7,Harveast - AdGroup 4,keyword: office desk organizer,Exact,office desk organizer,81,0,0.0,0.0,0.0,0.0,0.0,0.0,0,0,0.0,0,0,0.0,0
2023-07-03,2023-07-03,Orient Therapy - ESF,USD,Harveast - Campaign 7,Harveast - AdGroup 4,keyword: office desk organizer,Phrase,office desk organizer,53,0,0.0,0.0,0.0,0.0,0.0,0.0,0,0,0.0,0,0,0.0,0
2023-07-24,2023-07-24,Orient Therapy - ESF,USD,Harveast - Campaign 7,Harveast - AdGroup 4,keyword: spa gift set,Exact,spa gift set,34,0,0.0,0.0,0.0,0.0,0.0,0.0,0,0,0.0,0,0,0.0,0
2023-08-14,2023-08-14,Orient Therapy - ESF,USD,Harveast - Campaign 7,Harveast - AdGroup 4,keyword: spa gift set,Broad,spa gift set,728,0,0.0,0.0,0.0,0.0,0.0,0.0,0,0,0.0,0,0,0.0,0
2023-01-16,2023-01-16,Orient Therapy - ESF,USD,Harveast - Campaign 7,Harveast - AdGroup 4,keyword: spa gift set,Broad,spa gift set,187,0,0.0,0.0,0.0,0.0,0.0,0.0,0,0,0.0,0,0,0.0,0
2023-03-13,2023-03-13,Orient Therapy - ESF,USD,Harveast - Campaign 7,Harveast - AdGroup 4,keyword: desk accessories,Phrase,desk accessories,132,0,0.0,0.0,0.0,0.0,0.0,0.0,0,0,0.0,0,0,0.0,0
2023-02-20,2023-02-20,Orient Therapy - ESF,USD,Harveast - Campaign 7,Harveast - AdGroup 4,keyword: desk accessories,Exact,desk accessories,162,0,0.0,0.0,0.0,0.0,0.0,0.0,0,0,0.0,0,0,0.0,0
2023-06-26,2023-06-26,Orient Therapy - ESF,USD,Harveast - Campaign 7,Harveast - AdGroup 4,keyword: desk accessories,Phrase,desk accessories,147,0,0.0,0.0,0.0,0.0,0.0,0.0,0,0,0.0,0,0,0.0,0
2023-10-30,2023-10-30,Jumbo Jumble - ESF,USD,BioBlas - Campaign 7,BioBlas - AdGroup 5,keyword: office desk organizer,Broad,office desk organizer,71,0,0.0,0.0,0.0,0.0,0.0,0.0,0,0,0.0,0,0,0.0,0
2023-06-05,2023-06-05,Jumbo Jumble - ESF,USD,BioBlas - Campaign 7,BioBlas - AdGroup 5,keyword: office desk organizer,Phrase,office desk organizer,35,0,0.0,0.0,0.0,0.0,0.0,0.0,0,0,0.0,0,0,0.0,0
2023-01-30,2023-01-30,Jumbo Jumble - ESF,USD,BioBlas - Campaign 7,BioBlas - AdGroup 5,keyword: office desk organizer,Broad,office desk organizer,47,0,0.0,0.0,0.0,0.0,0.0,0.0,0,0,0.0,0,0,0.0,0
2023-02-06,2023-02-06,Jumbo Jumble - ESF,USD,BioBlas - Campaign 7,BioBlas - AdGroup 5,keyword: protein shaker bottle,Broad,protein shaker bottle,119,1,0.0084,1.18,1.18,1.72,0.686,1.4576,0,0,0.0,0,0,1.72,0
2023-05-22,2023-05-22,Jumbo Jumble - ESF,USD,BioBlas - Campaign 7,BioBlas - AdGroup 5,keyword: protein shaker bottle,Broad,protein shaker bottle,124,0,0.0,0.0,0.0,0.0,0.0,0.0,0,0,0.0,0,0,0.0,0
2023-01-23,2023-01-23,Jumbo Jumble - ESF,USD,BioBlas - Campaign 7,BioBlas - AdGroup 5,keyword: protein shaker bottle,Exact,protein shaker bottle,969,2,0.0021,0.56,1.12,3.16,0.3544,2.8214,0,0,0.0,0,0,3.16,0
2023-08-21,2023-08-21,Jumbo Jumble - ESF,USD,BioBlas - Campaign 7,BioBlas - AdGroup 5,keyword: organic hand towel set,Broad,organic hand towel set,96,0,0.0,0.0,0.0,0.0,0.0,0.0,0,0,0.0,0,0,0.0,0
2023-12-11,2023-12-11,Jumbo Jumble - ESF,USD,BioBlas - Campaign 7,BioBlas - AdGroup 5,keyword: organic hand towel set,Exact,organic hand towel set,191,0,0.0,0.0,0.0,0.0,0.0,0.0,0,0,0.0,0,0,0.0,0
2023-04-24,2023-04-24,Jumbo Jumble - ESF,USD,BioBlas - Campaign 7,BioBlas - AdGroup 5,keyword: organic hand towel set,Exact,organic hand towel set,961,1,0.001,0.95,0.95,3.72,0.2554,3.9158,0,0,0.0,0,0,3.72,0
2023-05-08,2023-05-08,Jumbo Jumble - ESF,USD,BioBlas - Campaign 7,BioBlas - AdGroup 5,keyword: massage oil relaxing,Broad,massage oil relaxing,42,0,0.0,0.0,0.0,0.0,0.0,0.0,0,0,0.0,0,0,0.0,0
2023-08-14,2023-08-14,Jumbo Jumble - ESF,USD,BioBlas - Campaign 7,BioBlas - AdGroup 5,keyword: massage oil relaxing,Broad,massage oil relaxing,73,0,0.0,0.0,0.0,0.0,0.0,0.0,0,0,0.0,0,0,0.0,0
2023-01-30,2023-01-30,Jumbo Jumble - ESF,USD,BioBlas - Campaign 7,BioBlas - AdGroup 5,keyword: massage oil relaxing,Broad,massage oil relaxing,1270,6,0.0047,1.28,7.66,23.83,0.3214,3.111,0,0,0.0,0,0,23.83,0
2023-02-13,2023-02-13,Jumbo Jumble - ESF,USD,BioBlas - Campaign 7,BioBlas - AdGroup 5,keyword: spa gift set,Exact,spa gift set,435,4,0.0092,0.75,3.01,4.99,0.6032,1.6578,0,0,0.0,0,0,4.99,0
2023-06-12,2023-06-12,Jumbo Jumble - ESF,USD,BioBlas - Campaign 7,BioBlas - AdGroup 5,keyword: spa gift set,Phrase,spa gift set,45,0,0.0,0.0,0.0,0.0,0.0,0.0,0,0,0.0,0,0,0.0,0
2023-01-30,2023-01-30,Jumbo Jumble - ESF,USD,BioBlas - Campaign 7,BioBlas - AdGroup 5,keyword: spa gift set,Broad,spa gift set,203,0,0.0,0.0,0.0,0.0,0.0,0.0,0,0,0.0,0,0,0.0,0
2023-09-04,2023-09-04,Halley - ESF,USD,OrientTherapy - Campaign 8,OrientTherapy - AdGroup 1,keyword: office desk organizer,Phrase,office desk organizer,662,1,0.0015,0.69,0.69,1.02,0.6765,1.4783,0,0,0.0,0,0,1.02,0
2023-02-06,2023-02-06,Halley - ESF,USD,OrientTherapy - Campaign 8,OrientTherapy - AdGroup 1,keyword: office desk organizer,Broad,office desk organizer,443,0,0.0,0.0,0.0,0.0,0.0,0.0,0,0,0.0,0,0,0.0,0
2023-01-02,2023-01-02,Halley - ESF,USD,OrientTherapy - Campaign 8,OrientTherapy - AdGroup 1,keyword: office desk organizer,Exact,office desk organizer,20,0,0.0,0.0,0.0,0.0,0.0,0.0,0,0,0.0,0,0,0.0,0
2023-12-18,2023-12-18,Halley - ESF,USD,OrientTherapy - Campaign 8,OrientTherapy - AdGroup 1,keyword: newborn bath set,Phrase,newborn bath set,84,0,0.0,0.0,0.0,0.0,0.0,0.0,0,0,0.0,0,0,0.0,0
2023-07-10,2023-07-10,Halley - ESF,USD,OrientTherapy - Campaign 8,OrientTherapy - AdGroup 1,keyword: newborn bath set,Broad,newborn bath set,167,0,0.0,0.0,0.0,0.0,0.0,0.0,0,0,0.0,0,0,0.0,0
2023-02-20,2023-02-20,Halley - ESF,USD,OrientTherapy - Campaign 8,OrientTherapy - AdGroup 1,keyword: newborn bath set,Phrase,newborn bath set,69,0,0.0,0.0,0.0,0.0,0.0,0.0,0,0,0.0,0,0,0.0,0
2023-08-07,2023-08-07,Halley - ESF,USD,OrientTherapy - Campaign 8,OrientTherapy - AdGroup 1,keyword: natural fruit snack,Phrase,natural fruit snack,20,0,0.0,0.0,0.0,0.0,0.0,0.0,0,0,0.0,0,0,0.0,0
2023-05-29,2023-05-29,Halley - ESF,USD,OrientTherapy - Campaign 8,OrientTherapy - AdGroup 1,keyword: natural fruit snack,Broad,natural fruit snack,25,0,0.0,0.0,0.0,0.0,0.0,0.0,0,0,0.0,0,0,0.0,0
2023-12-25,2023-12-25,Halley - ESF,USD,OrientTherapy - Campaign 8,OrientTherapy - AdGroup 1,keyword: natural fruit snack,Phrase,natural fruit snack,56,0,0.0,0.0,0.0,0.0,0.0,0.0,0,0,0.0,0,0,0.0,0
2023-10-09,2023-10-09,Halley - ESF,USD,OrientTherapy - Campaign 8,OrientTherapy - AdGroup 1,keyword: air freshener home,Exact,air freshener home,497,2,0.004,1.1,2.21,4.26,0.5188,1.9276,0,0,0.0,0,0,4.26,0
2023-01-16,2023-01-16,Halley - ESF,USD,OrientTherapy - Campaign 8,OrientTherapy - AdGroup 1,keyword: air freshener home,Phrase,air freshener home,8,0,0.0,0.0,0.0,0.0,0.0,0.0,0,0,0.0,0,0,0.0,0
2023-12-04,2023-12-04,Halley - ESF,USD,OrientTherapy - Campaign 8,OrientTherapy - AdGroup 1,keyword: air freshener home,Phrase,air freshener home,82,0,0.0,0.0,0.0,0.0,0.0,0.0,0,0,0.0,0,0,0.0,0
2023-12-11,2023-12-11,Halley - ESF,USD,OrientTherapy - Campaign 8,OrientTherapy - AdGroup 1,keyword: dried figs snack,Broad,dried figs snack,68,0,0.0,0.0,0.0,0.0,0.0,0.0,0,0,0.0,0,0,0.0,0
2023-05-01,2023-05-01,Halley - ESF,USD,OrientTherapy - Campaign 8,OrientTherapy - AdGroup 1,keyword: dried figs snack,Broad,dried figs snack,317,2,0.0063,0.73,1.46,3.57,0.409,2.4452,0,0,0.0,0,0,3.57,0
2023-07-10,2023-07-10,Halley - ESF,USD,OrientTherapy - Campaign 8,OrientTherapy - AdGroup 1,keyword: dried figs snack,Phrase,dried figs snack,393,2,0.0051,0.38,0.75,1.67,0.4491,2.2267,0,0,0.0,0,0,1.67,0
2023-07-31,2023-07-31,Harveast - ESF,USD,JumboJumble - Campaign 8,JumboJumble - AdGroup 2,keyword: essential oil diffuser,Phrase,essential oil diffuser,154,0,0.0,0.0,0.0,0.0,0.0,0.0,0,0,0.0,0,0,0.0,0
2023-10-23,2023-10-23,Harveast - ESF,USD,JumboJumble - Campaign 8,JumboJumble - AdGroup 2,keyword: essential oil diffuser,Broad,essential oil diffuser,582,1,0.0017,0.67,0.67,2.58,0.2597,3.8507,0,0,0.0,0,0,2.58,0
2023-11-20,2023-11-20,Harveast - ESF,USD,JumboJumble - Campaign 8,JumboJumble - AdGroup 2,keyword: essential oil diffuser,Broad,essential oil diffuser,101,0,0.0,0.0,0.0,0.0,0.0,0.0,0,0,0.0,0,0,0.0,0
2023-05-15,2023-05-15,Harveast - ESF,USD,JumboJumble - Campaign 8,JumboJumble - AdGroup 2,keyword: infant care kit,Phrase,infant care kit,117,0,0.0,0.0,0.0,0.0,0.0,0.0,0,0,0.0,0,0,0.0,0
2023-08-14,2023-08-14,Harveast - ESF,USD,JumboJumble - Campaign 8,JumboJumble - AdGroup 2,keyword: infant care kit,Phrase,infant care kit,97,0,0.0,0.0,0.0,0.0,0.0,0.0,0,0,0.0,0,0,0.0,0
2023-05-22,2023-05-22,Harveast - ESF,USD,JumboJumble - Campaign 8,JumboJumble - AdGroup 2,keyword: infant care kit,Exact,infant care kit,14,0,0.0,0.0,0.0,0.0,0.0,0.0,0,0,0.0,0,0,0.0,0
2023-08-21,2023-08-21,Harveast - ESF,USD,JumboJumble - Campaign 8,JumboJumble - AdGroup 2,keyword: protein shaker bottle,Exact,protein shaker bottle,41,0,0.0,0.0,0.0,0.0,0.0,0.0,0,0,0.0,0,0,0.0,0
2023-06-26,2023-06-26,Harveast - ESF,USD,JumboJumble - Campaign 8,JumboJumble - AdGroup 2,keyword: protein shaker bottle,Phrase,protein shaker bottle,235,0,0.0,0.0,0.0,0.0,0.0,0.0,0,0,0.0,0,0,0.0,0
2023-03-06,2023-03-06,Harveast - ESF,USD,JumboJumble - Campaign 8,JumboJumble - AdGroup 2,keyword: protein shaker bottle,Broad,protein shaker bottle,105,0,0.0,0.0,0.0,0.0,0.0,0.0,0,0,0.0,0,0,0.0,0
2023-07-17,2023-07-17,Harveast - ESF,USD,JumboJumble - Campaign 8,JumboJumble - AdGroup 2,keyword: fitness accessories,Broad,fitness accessories,115,0,0.0,0.0,0.0,0.0,0.0,0.0,0,0,0.0,0,0,0.0,0
2023-10-16,2023-10-16,Harveast - ESF,USD,JumboJumble - Campaign 8,JumboJumble - AdGroup 2,keyword: fitness accessories,Broad,fitness accessories,940,11,0.0117,1.33,14.65,24.64,0.5946,1.6819,0,0,0.0,0,0,24.64,0
2023-06-19,2023-06-19,Harveast - ESF,USD,JumboJumble - Campaign 8,JumboJumble - AdGroup 2,keyword: fitness accessories,Phrase,fitness accessories,283,3,0.0106,1.17,3.52,4.53,0.777,1.2869,0,0,0.0,0,0,4.53,0
2023-11-06,2023-11-06,Harveast - ESF,USD,JumboJumble - Campaign 8,JumboJumble - AdGroup 2,keyword: air freshener home,Exact,air freshener home,1994,23,0.0115,1.02,23.56,93.3,0.2525,3.9601,3,3,0.1304,3,0,93.3,0
2023-02-27,2023-02-27,Harveast - ESF,USD,JumboJumble - Campaign 8,JumboJumble - AdGroup 2,keyword: air freshener home,Broad,air freshener home,28,0,0.0,0.0,0.0,0.0,0.0,0.0,0,0,0.0,0,0,0.0,0
2023-06-05,2023-06-05,Harveast - ESF,USD,JumboJumble - Campaign 8,JumboJumble - AdGroup 2,keyword: air freshener home,Broad,air freshener home,26,0,0.0,0.0,0.0,0.0,0.0,0.0,0,0,0.0,0,0,0.0,0
2023-04-10,2023-04-10,Bioblas - ESF,USD,NaturPlus - Campaign 8,NaturPlus - AdGroup 3,keyword: essential oil diffuser,Broad,essential oil diffuser,242,0,0.0,0.0,0.0,0.0,0.0,0.0,0,0,0.0,0,0,0.0,0
2023-03-20,2023-03-20,Bioblas - ESF,USD,NaturPlus - Campaign 8,NaturPlus - AdGroup 3,keyword: essential oil diffuser,Broad,essential oil diffuser,42,0,0.0,0.0,0.0,0.0,0.0,0.0,0,0,0.0,0,0,0.0,0
2023-01-23,2023-01-23,Bioblas - ESF,USD,NaturPlus - Campaign 8,NaturPlus - AdGroup 3,keyword: essential oil diffuser,Broad,essential oil diffuser,2131,18,0.0084,1.12,20.25,26.63,0.7604,1.3151,0,0,0.0,0,0,26.63,0
2023-07-31,2023-07-31,Bioblas - ESF,USD,NaturPlus - Campaign 8,NaturPlus - AdGroup 3,keyword: gym water bottle,Exact,gym water bottle,102,1,0.0098,0.8,0.8,5.04,0.1587,6.3,0,0,0.0,0,0,5.04,0
2023-03-27,2023-03-27,Bioblas - ESF,USD,NaturPlus - Campaign 8,NaturPlus - AdGroup 3,keyword: gym water bottle,Broad,gym water bottle,648,2,0.0031,1.32,2.65,6.62,0.4003,2.4981,0,0,0.0,0,0,6.62,0
2023-09-11,2023-09-11,Bioblas - ESF,USD,NaturPlus - Campaign 8,NaturPlus - AdGroup 3,keyword: gym water bottle,Phrase,gym water bottle,115,1,0.0087,0.68,0.68,1.18,0.5763,1.7353,0,0,0.0,0,0,1.18,0
2023-07-17,2023-07-17,Bioblas - ESF,USD,NaturPlus - Campaign 8,NaturPlus - AdGroup 3,keyword: massage oil relaxing,Exact,massage oil relaxing,407,1,0.0025,0.87,0.87,1.68,0.5179,1.931,0,0,0.0,0,0,1.68,0
2023-01-23,2023-01-23,Bioblas - ESF,USD,NaturPlus - Campaign 8,NaturPlus - AdGroup 3,keyword: massage oil relaxing,Broad,massage oil relaxing,610,1,0.0016,0.71,0.71,2.55,0.2784,3.5915,0,0,0.0,0,0,2.55,0
2023-11-27,2023-11-27,Bioblas - ESF,USD,NaturPlus - Campaign 8,NaturPlus - AdGroup 3,keyword: massage oil relaxing,Broad,massage oil relaxing,231,0,0.0,0.0,0.0,0.0,0.0,0.0,0,0,0.0,0,0,0.0,0
2023-12-18,2023-12-18,Bioblas - ESF,USD,NaturPlus - Campaign 8,NaturPlus - AdGroup 3,keyword: baby soft towel,Phrase,baby soft towel,808,2,0.0025,0.47,0.95,4.19,0.2267,4.4105,0,0,0.0,0,0,4.19,0
2023-08-21,2023-08-21,Bioblas - ESF,USD,NaturPlus - Campaign 8,NaturPlus - AdGroup 3,keyword: baby soft towel,Broad,baby soft towel,152,1,0.0066,1.2,1.2,6.28,0.1911,5.2333,0,0,0.0,0,0,6.28,0
2023-04-24,2023-04-24,Bioblas - ESF,USD,NaturPlus - Campaign 8,NaturPlus - AdGroup 3,keyword: baby soft towel,Exact,baby soft towel,197,0,0.0,0.0,0.0,0.0,0.0,0.0,0,0,0.0,0,0,0.0,0
2023-03-06,2023-03-06,Bioblas - ESF,USD,NaturPlus - Campaign 8,NaturPlus - AdGroup 3,keyword: office desk organizer,Phrase,office desk organizer,40,0,0.0,0.0,0.0,0.0,0.0,0.0,0,0,0.0,0,0,0.0,0
2023-07-31,2023-07-31,Bioblas - ESF,USD,NaturPlus - Campaign 8,NaturPlus - AdGroup 3,keyword: office desk organizer,Exact,office desk organizer,268,3,0.0112,1.3,3.89,7.0,0.5557,1.7995,0,0,0.0,0,0,7.0,0
2023-02-13,2023-02-13,Bioblas - ESF,USD,NaturPlus - Campaign 8,NaturPlus - AdGroup 3,keyword: office desk organizer,Phrase,office desk organizer,35,0,0.0,0.0,0.0,0.0,0.0,0.0,0,0,0.0,0,0,0.0,0
2023-06-12,2023-06-12,Orient Therapy - ESF,USD,EcoHome - Campaign 8,EcoHome - AdGroup 4,keyword: outdoor gear,Exact,outdoor gear,59,0,0.0,0.0,0.0,0.0,0.0,0.0,0,0,0.0,0,0,0.0,0
2023-02-20,2023-02-20,Orient Therapy - ESF,USD,EcoHome - Campaign 8,EcoHome - AdGroup 4,keyword: outdoor gear,Broad,outdoor gear,353,0,0.0,0.0,0.0,0.0,0.0,0.0,0,0,0.0,0,0,0.0,0
2023-05-08,2023-05-08,Orient Therapy - ESF,USD,EcoHome - Campaign 8,EcoHome - AdGroup 4,keyword: outdoor gear,Exact,outdoor gear,39,0,0.0,0.0,0.0,0.0,0.0,0.0,0,0,0.0,0,0,0.0,0
2023-01-02,2023-01-02,Orient Therapy - ESF,USD,EcoHome - Campaign 8,EcoHome - AdGroup 4,keyword: premium bath towels,Broad,premium bath towels,353,0,0.0,0.0,0.0,0.0,0.0,0.0,0,0,0.0,0,0,0.0,0
2023-04-03,2023-04-03,Orient Therapy - ESF,USD,EcoHome - Campaign 8,EcoHome - AdGroup 4,keyword: premium bath towels,Exact,premium bath towels,110,0,0.0,0.0,0.0,0.0,0.0,0.0,0,0,0.0,0,0,0.0,0
2023-09-18,2023-09-18,Orient Therapy - ESF,USD,EcoHome - Campaign 8,EcoHome - AdGroup 4,keyword: premium bath towels,Phrase,premium bath towels,362,2,0.0055,1.25,2.51,22.87,0.1098,9.1116,0,0,0.0,0,0,22.87,0
2023-03-20,2023-03-20,Orient Therapy - ESF,USD,EcoHome - Campaign 8,EcoHome - AdGroup 4,keyword: dried figs snack,Exact,dried figs snack,381,1,0.0026,0.62,0.62,0.91,0.6813,1.4677,0,0,0.0,0,0,0.91,0
2023-10-30,2023-10-30,Orient Therapy - ESF,USD,EcoHome - Campaign 8,EcoHome - AdGroup 4,keyword: dried figs snack,Phrase,dried figs snack,66,0,0.0,0.0,0.0,0.0,0.0,0.0,0,0,0.0,0,0,0.0,0
2023-06-26,2023-06-26,Orient Therapy - ESF,USD,EcoHome - Campaign 8,EcoHome - AdGroup 4,keyword: dried figs snack,Broad,dried figs snack,60,0,0.0,0.0,0.0,0.0,0.0,0.0,0,0,0.0,0,0,0.0,0
2023-12-25,2023-12-25,Orient Therapy - ESF,USD,EcoHome - Campaign 8,EcoHome - AdGroup 4,keyword: newborn bath set,Broad,newborn bath set,124,0,0.0,0.0,0.0,0.0,0.0,0.0,0,0,0.0,0,0,0.0,0
2023-02-06,2023-02-06,Orient Therapy - ESF,USD,EcoHome - Campaign 8,EcoHome - AdGroup 4,keyword: newborn bath set,Broad,newborn bath set,281,0,0.0,0.0,0.0,0.0,0.0,0.0,0,0,0.0,0,0,0.0,0
2023-06-26,2023-06-26,Orient Therapy - ESF,USD,EcoHome - Campaign 8,EcoHome - AdGroup 4,keyword: newborn bath set,Phrase,newborn bath set,214,2,0.0093,0.65,1.3,5.44,0.239,4.1846,0,0,0.0,0,0,5.44,0
2023-03-20,2023-03-20,Orient Therapy - ESF,USD,EcoHome - Campaign 8,EcoHome - AdGroup 4,keyword: fitness accessories,Phrase,fitness accessories,608,4,0.0066,0.75,3.01,11.73,0.2566,3.897,0,0,0.0,0,0,11.73,0
2023-04-24,2023-04-24,Orient Therapy - ESF,USD,EcoHome - Campaign 8,EcoHome - AdGroup 4,keyword: fitness accessories,Phrase,fitness accessories,142,0,0.0,0.0,0.0,0.0,0.0,0.0,0,0,0.0,0,0,0.0,0
2023-05-01,2023-05-01,Orient Therapy - ESF,USD,EcoHome - Campaign 8,EcoHome - AdGroup 4,keyword: fitness accessories,Exact,fitness accessories,232,1,0.0043,0.82,0.82,3.05,0.2689,3.7195,0,0,0.0,0,0,3.05,0
2023-12-04,2023-12-04,Jumbo Jumble - ESF,USD,VitaGreen - Campaign 8,VitaGreen - AdGroup 5,keyword: air freshener home,Exact,air freshener home,153,0,0.0,0.0,0.0,0.0,0.0,0.0,0,0,0.0,0,0,0.0,0
2023-05-22,2023-05-22,Jumbo Jumble - ESF,USD,VitaGreen - Campaign 8,VitaGreen - AdGroup 5,keyword: air freshener home,Exact,air freshener home,27,0,0.0,0.0,0.0,0.0,0.0,0.0,0,0,0.0,0,0,0.0,0
2023-04-24,2023-04-24,Jumbo Jumble - ESF,USD,VitaGreen - Campaign 8,VitaGreen - AdGroup 5,keyword: air freshener home,Exact,air freshener home,394,5,0.0127,0.69,3.45,5.86,0.5887,1.6986,0,0,0.0,0,0,5.86,0
2023-04-10,2023-04-10,Jumbo Jumble - ESF,USD,VitaGreen - Campaign 8,VitaGreen - AdGroup 5,keyword: baby soft towel,Phrase,baby soft towel,232,0,0.0,0.0,0.0,0.0,0.0,0.0,0,0,0.0,0,0,0.0,0
2023-02-27,2023-02-27,Jumbo Jumble - ESF,USD,VitaGreen - Campaign 8,VitaGreen - AdGroup 5,keyword: baby soft towel,Broad,baby soft towel,143,0,0.0,0.0,0.0,0.0,0.0,0.0,0,0,0.0,0,0,0.0,0
2023-07-24,2023-07-24,Jumbo Jumble - ESF,USD,VitaGreen - Campaign 8,VitaGreen - AdGroup 5,keyword: baby soft towel,Phrase,baby soft towel,128,2,0.0156,1.38,2.75,15.07,0.1825,5.48,0,0,0.0,0,0,15.07,0
2023-10-16,2023-10-16,Jumbo Jumble - ESF,USD,VitaGreen - Campaign 8,VitaGreen - AdGroup 5,keyword: premium bath towels,Phrase,premium bath towels,10,0,0.0,0.0,0.0,0.0,0.0,0.0,0,0,0.0,0,0,0.0,0
2023-01-23,2023-01-23,Jumbo Jumble - ESF,USD,VitaGreen - Campaign 8,VitaGreen - AdGroup 5,keyword: premium bath towels,Exact,premium bath towels,55,0,0.0,0.0,0.0,0.0,0.0,0.0,0,0,0.0,0,0,0.0,0
2023-05-15,2023-05-15,Jumbo Jumble - ESF,USD,VitaGreen - Campaign 8,VitaGreen - AdGroup 5,keyword: premium bath towels,Phrase,premium bath towels,130,0,0.0,0.0,0.0,0.0,0.0,0.0,0,0,0.0,0,0,0.0,0
2023-03-13,2023-03-13,Jumbo Jumble - ESF,USD,VitaGreen - Campaign 8,VitaGreen - AdGroup 5,keyword: desk accessories,Phrase,desk accessories,204,1,0.0049,1.07,1.07,3.06,0.3497,2.8598,0,0,0.0,0,0,3.06,0
2023-07-24,2023-07-24,Jumbo Jumble - ESF,USD,VitaGreen - Campaign 8,VitaGreen - AdGroup 5,keyword: desk accessories,Broad,desk accessories,95,1,0.0105,0.62,0.62,0.99,0.6263,1.5968,0,0,0.0,0,0,0.99,0
2023-09-04,2023-09-04,Jumbo Jumble - ESF,USD,VitaGreen - Campaign 8,VitaGreen - AdGroup 5,keyword: desk accessories,Phrase,desk accessories,345,2,0.0058,0.84,1.69,16.83,0.1004,9.9586,0,0,0.0,0,0,16.83,0
2023-05-15,2023-05-15,Jumbo Jumble - ESF,USD,VitaGreen - Campaign 8,VitaGreen - AdGroup 5,keyword: massage oil relaxing,Broad,massage oil relaxing,265,2,0.0075,1.2,2.4,3.02,0.7947,1.2583,0,0,0.0,0,0,3.02,0
2023-01-02,2023-01-02,Jumbo Jumble - ESF,USD,VitaGreen - Campaign 8,VitaGreen - AdGroup 5,keyword: massage oil relaxing,Exact,massage oil relaxing,67,0,0.0,0.0,0.0,0.0,0.0,0.0,0,0,0.0,0,0,0.0,0
2023-07-03,2023-07-03,Jumbo Jumble - ESF,USD,VitaGreen - Campaign 8,VitaGreen - AdGroup 5,keyword: massage oil relaxing,Broad,massage oil relaxing,122,0,0.0,0.0,0.0,0.0,0.0,0.0,0,0,0.0,0,0,0.0,0
2023-12-11,2023-12-11,Halley - ESF,USD,Halley - Campaign 9,Halley - AdGroup 1,keyword: newborn bath set,Exact,newborn bath set,125,0,0.0,0.0,0.0,0.0,0.0,0.0,0,0,0.0,0,0,0.0,0
2023-05-15,2023-05-15,Halley - ESF,USD,Halley - Campaign 9,Halley - AdGroup 1,keyword: newborn bath set,Broad,newborn bath set,70,0,0.0,0.0,0.0,0.0,0.0,0.0,0,0,0.0,0,0,0.0,0
2023-04-17,2023-04-17,Halley - ESF,USD,Halley - Campaign 9,Halley - AdGroup 1,keyword: newborn bath set,Broad,newborn bath set,121,0,0.0,0.0,0.0,0.0,0.0,0.0,0,0,0.0,0,0,0.0,0
2023-04-17,2023-04-17,Halley - ESF,USD,Halley - Campaign 9,Halley - AdGroup 1,keyword: premium bath towels,Phrase,premium bath towels,175,0,0.0,0.0,0.0,0.0,0.0,0.0,0,0,0.0,0,0,0.0,0
2023-04-03,2023-04-03,Halley - ESF,USD,Halley - Campaign 9,Halley - AdGroup 1,keyword: premium bath towels,Phrase,premium bath towels,45,0,0.0,0.0,0.0,0.0,0.0,0.0,0,0,0.0,0,0,0.0,0
2023-03-20,2023-03-20,Halley - ESF,USD,Halley - Campaign 9,Halley - AdGroup 1,keyword: premium bath towels,Broad,premium bath towels,316,8,0.0253,1.39,11.1,16.72,0.6639,1.5063,0,0,0.0,0,0,16.72,0
2023-02-20,2023-02-20,Halley - ESF,USD,Halley - Campaign 9,Halley - AdGroup 1,keyword: outdoor gear,Exact,outdoor gear,112,1,0.0089,0.57,0.57,1.69,0.3373,2.9649,0,0,0.0,0,0,1.69,0
2023-10-02,2023-10-02,Halley - ESF,USD,Halley - Campaign 9,Halley - AdGroup 1,keyword: outdoor gear,Phrase,outdoor gear,98,0,0.0,0.0,0.0,0.0,0.0,0.0,0,0,0.0,0,0,0.0,0
2023-11-20,2023-11-20,Halley - ESF,USD,Halley - Campaign 9,Halley - AdGroup 1,keyword: outdoor gear,Exact,outdoor gear,74,0,0.0,0.0,0.0,0.0,0.0,0.0,0,0,0.0,0,0,0.0,0
2023-05-08,2023-05-08,Halley - ESF,USD,Halley - Campaign 9,Halley - AdGroup 1,keyword: turkish cotton towel,Broad,turkish cotton towel,22,0,0.0,0.0,0.0,0.0,0.0,0.0,0,0,0.0,0,0,0.0,0
2023-11-06,2023-11-06,Halley - ESF,USD,Halley - Campaign 9,Halley - AdGroup 1,keyword: turkish cotton towel,Broad,turkish cotton towel,22,0,0.0,0.0,0.0,0.0,0.0,0.0,0,0,0.0,0,0,0.0,0
2023-12-18,2023-12-18,Halley - ESF,USD,Halley - Campaign 9,Halley - AdGroup 1,keyword: turkish cotton towel,Phrase,turkish cotton towel,24,0,0.0,0.0,0.0,0.0,0.0,0.0,0,0,0.0,0,0,0.0,0
2023-02-27,2023-02-27,Halley - ESF,USD,Halley - Campaign 9,Halley - AdGroup 1,keyword: vegan snack pack,Exact,vegan snack pack,55,0,0.0,0.0,0.0,0.0,0.0,0.0,0,0,0.0,0,0,0.0,0
2023-01-02,2023-01-02,Halley - ESF,USD,Halley - Campaign 9,Halley - AdGroup 1,keyword: vegan snack pack,Broad,vegan snack pack,662,8,0.0121,1.19,9.51,11.89,0.7998,1.2503,0,0,0.0,0,0,11.89,0
2023-12-25,2023-12-25,Halley - ESF,USD,Halley - Campaign 9,Halley - AdGroup 1,keyword: vegan snack pack,Broad,vegan snack pack,255,1,0.0039,1.3,1.3,1.99,0.6533,1.5308,0,0,0.0,0,0,1.99,0
2023-12-04,2023-12-04,Harveast - ESF,USD,Harveast - Campaign 9,Harveast - AdGroup 2,keyword: outdoor gear,Exact,outdoor gear,74,0,0.0,0.0,0.0,0.0,0.0,0.0,0,0,0.0,0,0,0.0,0
2023-09-25,2023-09-25,Harveast - ESF,USD,Harveast - Campaign 9,Harveast - AdGroup 2,keyword: outdoor gear,Broad,outdoor gear,334,0,0.0,0.0,0.0,0.0,0.0,0.0,0,0,0.0,0,0,0.0,0
2023-06-26,2023-06-26,Harveast - ESF,USD,Harveast - Campaign 9,Harveast - AdGroup 2,keyword: outdoor gear,Broad,outdoor gear,371,1,0.0027,0.47,0.47,0.6,0.7833,1.2766,0,0,0.0,0,0,0.6,0
2023-07-31,2023-07-31,Harveast - ESF,USD,Harveast - Campaign 9,Harveast - AdGroup 2,keyword: baby soft towel,Broad,baby soft towel,58,0,0.0,0.0,0.0,0.0,0.0,0.0,0,0,0.0,0,0,0.0,0
2023-07-24,2023-07-24,Harveast - ESF,USD,Harveast - Campaign 9,Harveast - AdGroup 2,keyword: baby soft towel,Phrase,baby soft towel,131,1,0.0076,1.39,1.39,3.77,0.3687,2.7122,0,0,0.0,0,0,3.77,0
2023-05-15,2023-05-15,Harveast - ESF,USD,Harveast - Campaign 9,Harveast - AdGroup 2,keyword: baby soft towel,Phrase,baby soft towel,1013,7,0.0069,1.07,7.48,15.07,0.4964,2.0147,0,0,0.0,0,0,15.07,0
2023-10-02,2023-10-02,Harveast - ESF,USD,Harveast - Campaign 9,Harveast - AdGroup 2,keyword: premium bath towels,Exact,premium bath towels,1308,12,0.0092,1.0,12.04,53.14,0.2266,4.4136,0,0,0.0,0,0,53.14,0
2023-12-18,2023-12-18,Harveast - ESF,USD,Harveast - Campaign 9,Harveast - AdGroup 2,keyword: premium bath towels,Broad,premium bath towels,297,0,0.0,0.0,0.0,0.0,0.0,0.0,0,0,0.0,0,0,0.0,0
2023-02-13,2023-02-13,Harveast - ESF,USD,Harveast - Campaign 9,Harveast - AdGroup 2,keyword: premium bath towels,Phrase,premium bath towels,2,0,0.0,0.0,0.0,0.0,0.0,0.0,0,0,0.0,0,0,0.0,0
2023-05-01,2023-05-01,Harveast - ESF,USD,Harveast - Campaign 9,Harveast - AdGroup 2,keyword: spa gift set,Exact,spa gift set,396,0,0.0,0.0,0.0,0.0,0.0,0.0,0,0,0.0,0,0,0.0,0
2023-07-31,2023-07-31,Harveast - ESF,USD,Harveast - Campaign 9,Harveast - AdGroup 2,keyword: spa gift set,Broad,spa gift set,74,0,0.0,0.0,0.0,0.0,0.0,0.0,0,0,0.0,0,0,0.0,0
2023-05-22,2023-05-22,Harveast - ESF,USD,Harveast - Campaign 9,Harveast - AdGroup 2,keyword: spa gift set,Exact,spa gift set,412,3,0.0073,1.38,4.13,20.72,0.1993,5.0169,0,0,0.0,0,0,20.72,0
2023-07-10,2023-07-10,Harveast - ESF,USD,Harveast - Campaign 9,Harveast - AdGroup 2,keyword: natural fruit snack,Broad,natural fruit snack,157,0,0.0,0.0,0.0,0.0,0.0,0.0,0,0,0.0,0,0,0.0,0
2023-02-20,2023-02-20,Harveast - ESF,USD,Harveast - Campaign 9,Harveast - AdGroup 2,keyword: natural fruit snack,Exact,natural fruit snack,334,0,0.0,0.0,0.0,0.0,0.0,0.0,0,0,0.0,0,0,0.0,0
2023-07-17,2023-07-17,Harveast - ESF,USD,Harveast - Campaign 9,Harveast - AdGroup 2,keyword: natural fruit snack,Phrase,natural fruit snack,289,0,0.0,0.0,0.0,0.0,0.0,0.0,0,0,0.0,0,0,0.0,0
2023-11-13,2023-11-13,Bioblas - ESF,USD,BioBlas - Campaign 9,BioBlas - AdGroup 3,keyword: hiking backpack,Phrase,hiking backpack,159,0,0.0,0.0,0.0,0.0,0.0,0.0,0,0,0.0,0,0,0.0,0
2023-02-13,2023-02-13,Bioblas - ESF,USD,BioBlas - Campaign 9,BioBlas - AdGroup 3,keyword: hiking backpack,Exact,hiking backpack,1150,3,0.0026,0.73,2.18,6.76,0.3225,3.1009,0,0,0.0,0,0,6.76,0
2023-01-30,2023-01-30,Bioblas - ESF,USD,BioBlas - Campaign 9,BioBlas - AdGroup 3,keyword: hiking backpack,Exact,hiking backpack,16,0,0.0,0.0,0.0,0.0,0.0,0.0,0,0,0.0,0,0,0.0,0
2023-02-13,2023-02-13,Bioblas - ESF,USD,BioBlas - Campaign 9,BioBlas - AdGroup 3,keyword: essential oil diffuser,Phrase,essential oil diffuser,289,4,0.0138,1.1,4.4,32.7,0.1346,7.4318,0,0,0.0,0,0,32.7,0
2023-05-15,2023-05-15,Bioblas - ESF,USD,BioBlas - Campaign 9,BioBlas - AdGroup 3,keyword: essential oil diffuser,Broad,essential oil diffuser,48,0,0.0,0.0,0.0,0.0,0.0,0.0,0,0,0.0,0,0,0.0,0
2023-04-17,2023-04-17,Bioblas - ESF,USD,BioBlas - Campaign 9,BioBlas - AdGroup 3,keyword: essential oil diffuser,Broad,essential oil diffuser,28,0,0.0,0.0,0.0,0.0,0.0,0.0,0,0,0.0,0,0,0.0,0
2023-06-12,2023-06-12,Bioblas - ESF,USD,BioBlas - Campaign 9,BioBlas - AdGroup 3,keyword: premium bath towels,Broad,premium bath towels,164,0,0.0,0.0,0.0,0.0,0.0,0.0,0,0,0.0,0,0,0.0,0
2023-11-06,2023-11-06,Bioblas - ESF,USD,BioBlas - Campaign 9,BioBlas - AdGroup 3,keyword: premium bath towels,Exact,premium bath towels,198,1,0.0051,0.9,0.9,3.39,0.2655,3.7667,0,0,0.0,0,0,3.39,0
2023-11-27,2023-11-27,Bioblas - ESF,USD,BioBlas - Campaign 9,BioBlas - AdGroup 3,keyword: premium bath towels,Broad,premium bath towels,53,1,0.0189,1.26,1.26,3.88,0.3247,3.0794,0,0,0.0,0,0,3.88,0
2023-09-18,2023-09-18,Bioblas - ESF,USD,BioBlas - Campaign 9,BioBlas - AdGroup 3,keyword: air purifier hepa,Exact,air purifier hepa,144,0,0.0,0.0,0.0,0.0,0.0,0.0,0,0,0.0,0,0,0.0,0
2023-03-20,2023-03-20,Bioblas - ESF,USD,BioBlas - Campaign 9,BioBlas - AdGroup 3,keyword: air purifier hepa,Phrase,air purifier hepa,191,0,0.0,0.0,0.0,0.0,0.0,0.0,0,0,0.0,0,0,0.0,0
2023-11-27,2023-11-27,Bioblas - ESF,USD,BioBlas - Campaign 9,BioBlas - AdGroup 3,keyword: air purifier hepa,Broad,air purifier hepa,220,1,0.0045,1.06,1.06,1.56,0.6795,1.4717,0,0,0.0,0,0,1.56,0
2023-04-17,2023-04-17,Bioblas - ESF,USD,BioBlas - Campaign 9,BioBlas - AdGroup 3,keyword: outdoor gear,Broad,outdoor gear,352,2,0.0057,1.0,2.01,2.54,0.7913,1.2637,0,0,0.0,0,0,2.54,0
2023-12-04,2023-12-04,Bioblas - ESF,USD,BioBlas - Campaign 9,BioBlas - AdGroup 3,keyword: outdoor gear,Broad,outdoor gear,92,0,0.0,0.0,0.0,0.0,0.0,0.0,0,0,0.0,0,0,0.0,0
2023-03-13,2023-03-13,Bioblas - ESF,USD,BioBlas - Campaign 9,BioBlas - AdGroup 3,keyword: outdoor gear,Exact,outdoor gear,37,0,0.0,0.0,0.0,0.0,0.0,0.0,0,0,0.0,0,0,0.0,0
2023-08-21,2023-08-21,Orient Therapy - ESF,USD,OrientTherapy - Campaign 9,OrientTherapy - AdGroup 4,keyword: office desk organizer,Exact,office desk organizer,76,0,0.0,0.0,0.0,0.0,0.0,0.0,0,0,0.0,0,0,0.0,0
2023-05-29,2023-05-29,Orient Therapy - ESF,USD,OrientTherapy - Campaign 9,OrientTherapy - AdGroup 4,keyword: office desk organizer,Broad,office desk organizer,78,1,0.0128,0.93,0.93,3.97,0.2343,4.2688,0,0,0.0,0,0,3.97,0
2023-10-09,2023-10-09,Orient Therapy - ESF,USD,OrientTherapy - Campaign 9,OrientTherapy - AdGroup 4,keyword: office desk organizer,Phrase,office desk organizer,81,0,0.0,0.0,0.0,0.0,0.0,0.0,0,0,0.0,0,0,0.0,0
2023-11-13,2023-11-13,Orient Therapy - ESF,USD,OrientTherapy - Campaign 9,OrientTherapy - AdGroup 4,keyword: dried figs snack,Broad,dried figs snack,32,0,0.0,0.0,0.0,0.0,0.0,0.0,0,0,0.0,0,0,0.0,0
2023-12-18,2023-12-18,Orient Therapy - ESF,USD,OrientTherapy - Campaign 9,OrientTherapy - AdGroup 4,keyword: dried figs snack,Phrase,dried figs snack,93,0,0.0,0.0,0.0,0.0,0.0,0.0,0,0,0.0,0,0,0.0,0
2023-07-31,2023-07-31,Orient Therapy - ESF,USD,OrientTherapy - Campaign 9,OrientTherapy - AdGroup 4,keyword: dried figs snack,Broad,dried figs snack,59,0,0.0,0.0,0.0,0.0,0.0,0.0,0,0,0.0,0,0,0.0,0
2023-06-12,2023-06-12,Orient Therapy - ESF,USD,OrientTherapy - Campaign 9,OrientTherapy - AdGroup 4,keyword: aromatherapy oil,Phrase,aromatherapy oil,852,0,0.0,0.0,0.0,0.0,0.0,0.0,0,0,0.0,0,0,0.0,0
2023-05-15,2023-05-15,Orient Therapy - ESF,USD,OrientTherapy - Campaign 9,OrientTherapy - AdGroup 4,keyword: aromatherapy oil,Exact,aromatherapy oil,186,0,0.0,0.0,0.0,0.0,0.0,0.0,0,0,0.0,0,0,0.0,0
2023-04-03,2023-04-03,Orient Therapy - ESF,USD,OrientTherapy - Campaign 9,OrientTherapy - AdGroup 4,keyword: aromatherapy oil,Broad,aromatherapy oil,6,0,0.0,0.0,0.0,0.0,0.0,0.0,0,0,0.0,0,0,0.0,0
2023-03-20,2023-03-20,Orient Therapy - ESF,USD,OrientTherapy - Campaign 9,OrientTherapy - AdGroup 4,keyword: essential oil diffuser,Phrase,essential oil diffuser,132,0,0.0,0.0,0.0,0.0,0.0,0.0,0,0,0.0,0,0,0.0,0
2023-06-05,2023-06-05,Orient Therapy - ESF,USD,OrientTherapy - Campaign 9,OrientTherapy - AdGroup 4,keyword: essential oil diffuser,Exact,essential oil diffuser,1649,0,0.0,0.0,0.0,0.0,0.0,0.0,0,0,0.0,0,0,0.0,0
2023-01-02,2023-01-02,Orient Therapy - ESF,USD,OrientTherapy - Campaign 9,OrientTherapy - AdGroup 4,keyword: essential oil diffuser,Phrase,essential oil diffuser,578,0,0.0,0.0,0.0,0.0,0.0,0.0,0,0,0.0,0,0,0.0,0
2023-07-17,2023-07-17,Orient Therapy - ESF,USD,OrientTherapy - Campaign 9,OrientTherapy - AdGroup 4,keyword: premium bath towels,Phrase,premium bath towels,80,0,0.0,0.0,0.0,0.0,0.0,0.0,0,0,0.0,0,0,0.0,0
2023-03-20,2023-03-20,Orient Therapy - ESF,USD,OrientTherapy - Campaign 9,OrientTherapy - AdGroup 4,keyword: premium bath towels,Broad,premium bath towels,1284,4,0.0031,1.36,5.43,9.83,0.5524,1.8103,0,0,0.0,0,0,9.83,0
2023-09-04,2023-09-04,Orient Therapy - ESF,USD,OrientTherapy - Campaign 9,OrientTherapy - AdGroup 4,keyword: premium bath towels,Phrase,premium bath towels,26,0,0.0,0.0,0.0,0.0,0.0,0.0,0,0,0.0,0,0,0.0,0
2023-01-02,2023-01-02,Jumbo Jumble - ESF,USD,JumboJumble - Campaign 9,JumboJumble - AdGroup 5,keyword: turkish cotton towel,Broad,turkish cotton towel,32,0,0.0,0.0,0.0,0.0,0.0,0.0,0,0,0.0,0,0,0.0,0
2023-12-18,2023-12-18,Jumbo Jumble - ESF,USD,JumboJumble - Campaign 9,JumboJumble - AdGroup 5,keyword: turkish cotton towel,Broad,turkish cotton towel,90,0,0.0,0.0,0.0,0.0,0.0,0.0,0,0,0.0,0,0,0.0,0
2023-09-25,2023-09-25,Jumbo Jumble - ESF,USD,JumboJumble - Campaign 9,JumboJumble - AdGroup 5,keyword: turkish cotton towel,Phrase,turkish cotton towel,31,0,0.0,0.0,0.0,0.0,0.0,0.0,0,0,0.0,0,0,0.0,0
2023-01-23,2023-01-23,Jumbo Jumble - ESF,USD,JumboJumble - Campaign 9,JumboJumble - AdGroup 5,keyword: dried figs snack,Phrase,dried figs snack,48,0,0.0,0.0,0.0,0.0,0.0,0.0,0,0,0.0,0,0,0.0,0
2023-09-18,2023-09-18,Jumbo Jumble - ESF,USD,JumboJumble - Campaign 9,JumboJumble - AdGroup 5,keyword: dried figs snack,Broad,dried figs snack,12,0,0.0,0.0,0.0,0.0,0.0,0.0,0,0,0.0,0,0,0.0,0
2023-06-12,2023-06-12,Jumbo Jumble - ESF,USD,JumboJumble - Campaign 9,JumboJumble - AdGroup 5,keyword: dried figs snack,Broad,dried figs snack,57,0,0.0,0.0,0.0,0.0,0.0,0.0,0,0,0.0,0,0,0.0,0
2023-11-27,2023-11-27,Jumbo Jumble - ESF,USD,JumboJumble - Campaign 9,JumboJumble - AdGroup 5,keyword: baby soft towel,Broad,baby soft towel,285,0,0.0,0.0,0.0,0.0,0.0,0.0,0,0,0.0,0,0,0.0,0
2023-12-04,2023-12-04,Jumbo Jumble - ESF,USD,JumboJumble - Campaign 9,JumboJumble - AdGroup 5,keyword: baby soft towel,Phrase,baby soft towel,883,5,0.0057,0.95,4.73,21.08,0.2244,4.4567,0,0,0.0,0,0,21.08,0
2023-02-06,2023-02-06,Jumbo Jumble - ESF,USD,JumboJumble - Campaign 9,JumboJumble - AdGroup 5,keyword: baby soft towel,Broad,baby soft towel,141,0,0.0,0.0,0.0,0.0,0.0,0.0,0,0,0.0,0,0,0.0,0
2023-06-19,2023-06-19,Jumbo Jumble - ESF,USD,JumboJumble - Campaign 9,JumboJumble - AdGroup 5,keyword: outdoor gear,Exact,outdoor gear,159,0,0.0,0.0,0.0,0.0,0.0,0.0,0,0,0.0,0,0,0.0,0
2023-01-02,2023-01-02,Jumbo Jumble - ESF,USD,JumboJumble - Campaign 9,JumboJumble - AdGroup 5,keyword: outdoor gear,Phrase,outdoor gear,955,8,0.0084,0.47,3.78,8.59,0.44,2.2725,0,0,0.0,0,0,8.59,0
2023-11-06,2023-11-06,Jumbo Jumble - ESF,USD,JumboJumble - Campaign 9,JumboJumble - AdGroup 5,keyword: outdoor gear,Phrase,outdoor gear,2371,11,0.0046,0.64,7.01,39.46,0.1776,5.6291,0,0,0.0,0,0,39.46,0
2023-01-23,2023-01-23,Jumbo Jumble - ESF,USD,JumboJumble - Campaign 9,JumboJumble - AdGroup 5,keyword: newborn bath set,Exact,newborn bath set,620,8,0.0129,1.34,10.75,28.77,0.3737,2.6763,0,0,0.0,0,0,28.77,0
2023-07-31,2023-07-31,Jumbo Jumble - ESF,USD,JumboJumble - Campaign 9,JumboJumble - AdGroup 5,keyword: newborn bath set,Broad,newborn bath set,47,0,0.0,0.0,0.0,0.0,0.0,0.0,0,0,0.0,0,0,0.0,0
2023-07-10,2023-07-10,Jumbo Jumble - ESF,USD,JumboJumble - Campaign 9,JumboJumble - AdGroup 5,keyword: newborn bath set,Broad,newborn bath set,130,0,0.0,0.0,0.0,0.0,0.0,0.0,0,0,0.0,0,0,0.0,0
2023-07-10,2023-07-10,Halley - ESF,USD,NaturPlus - Campaign 10,NaturPlus - AdGroup 1,keyword: air purifier hepa,Broad,air purifier hepa,156,1,0.0064,1.33,1.33,2.33,0.5708,1.7519,0,0,0.0,0,0,2.33,0
2023-10-23,2023-10-23,Halley - ESF,USD,NaturPlus - Campaign 10,NaturPlus - AdGroup 1,keyword: air purifier hepa,Exact,air purifier hepa,52,0,0.0,0.0,0.0,0.0,0.0,0.0,0,0,0.0,0,0,0.0,0
2023-03-06,2023-03-06,Halley - ESF,USD,NaturPlus - Campaign 10,NaturPlus - AdGroup 1,keyword: air purifier hepa,Broad,air purifier hepa,376,2,0.0053,1.43,2.85,5.36,0.5317,1.8807,0,0,0.0,0,0,5.36,0
2023-07-10,2023-07-10,Halley - ESF,USD,NaturPlus - Campaign 10,NaturPlus - AdGroup 1,keyword: essential oil diffuser,Phrase,essential oil diffuser,87,0,0.0,0.0,0.0,0.0,0.0,0.0,0,0,0.0,0,0,0.0,0
2023-05-15,2023-05-15,Halley - ESF,USD,NaturPlus - Campaign 10,NaturPlus - AdGroup 1,keyword: essential oil diffuser,Phrase,essential oil diffuser,466,0,0.0,0.0,0.0,0.0,0.0,0.0,0,0,0.0,0,0,0.0,0
2023-02-27,2023-02-27,Halley - ESF,USD,NaturPlus - Campaign 10,NaturPlus - AdGroup 1,keyword: essential oil diffuser,Phrase,essential oil diffuser,23,0,0.0,0.0,0.0,0.0,0.0,0.0,0,0,0.0,0,0,0.0,0
2023-03-20,2023-03-20,Halley - ESF,USD,NaturPlus - Campaign 10,NaturPlus - AdGroup 1,keyword: aromatherapy oil,Phrase,aromatherapy oil,611,2,0.0033,1.09,2.18,5.86,0.372,2.6881,0,0,0.0,0,0,5.86,0
2023-07-24,2023-07-24,Halley - ESF,USD,NaturPlus - Campaign 10,NaturPlus - AdGroup 1,keyword: aromatherapy oil,Exact,aromatherapy oil,66357,174,0.0026,1.37,238.93,381.41,0.6264,1.5963,5,5,0.0287,5,0,381.41,0
2023-07-31,2023-07-31,Halley - ESF,USD,NaturPlus - Campaign 10,NaturPlus - AdGroup 1,keyword: aromatherapy oil,Phrase,aromatherapy oil,41,0,0.0,0.0,0.0,0.0,0.0,0.0,0,0,0.0,0,0,0.0,0
2023-03-20,2023-03-20,Halley - ESF,USD,NaturPlus - Campaign 10,NaturPlus - AdGroup 1,keyword: turkish cotton towel,Phrase,turkish cotton towel,685,8,0.0117,1.28,10.26,14.33,0.716,1.3967,0,0,0.0,0,0,14.33,0
2023-10-02,2023-10-02,Halley - ESF,USD,NaturPlus - Campaign 10,NaturPlus - AdGroup 1,keyword: turkish cotton towel,Exact,turkish cotton towel,121,0,0.0,0.0,0.0,0.0,0.0,0.0,0,0,0.0,0,0,0.0,0
2023-01-16,2023-01-16,Halley - ESF,USD,NaturPlus - Campaign 10,NaturPlus - AdGroup 1,keyword: turkish cotton towel,Broad,turkish cotton towel,37,0,0.0,0.0,0.0,0.0,0.0,0.0,0,0,0.0,0,0,0.0,0
2023-08-07,2023-08-07,Halley - ESF,USD,NaturPlus - Campaign 10,NaturPlus - AdGroup 1,keyword: spa gift set,Broad,spa gift set,1308,2,0.0015,0.53,1.05,3.39,0.3097,3.2286,0,0,0.0,0,0,3.39,0
2023-10-02,2023-10-02,Halley - ESF,USD,NaturPlus - Campaign 10,NaturPlus - AdGroup 1,keyword: spa gift set,Phrase,spa gift set,81,0,0.0,0.0,0.0,0.0,0.0,0.0,0,0,0.0,0,0,0.0,0
2023-09-11,2023-09-11,Halley - ESF,USD,NaturPlus - Campaign 10,NaturPlus - AdGroup 1,keyword: spa gift set,Phrase,spa gift set,638,0,0.0,0.0,0.0,0.0,0.0,0.0,0,0,0.0,0,0,0.0,0
2023-12-11,2023-12-11,Harveast - ESF,USD,EcoHome - Campaign 10,EcoHome - AdGroup 2,keyword: outdoor gear,Exact,outdoor gear,8,0,0.0,0.0,0.0,0.0,0.0,0.0,0,0,0.0,0,0,0.0,0
2023-05-29,2023-05-29,Harveast - ESF,USD,EcoHome - Campaign 10,EcoHome - AdGroup 2,keyword: outdoor gear,Broad,outdoor gear,45,0,0.0,0.0,0.0,0.0,0.0,0.0,0,0,0.0,0,0,0.0,0
2023-12-18,2023-12-18,Harveast - ESF,USD,EcoHome - Campaign 10,EcoHome - AdGroup 2,keyword: outdoor gear,Phrase,outdoor gear,1589,7,0.0044,0.5,3.49,4.9,0.7122,1.404,0,0,0.0,0,0,4.9,0
2023-11-27,2023-11-27,Harveast - ESF,USD,EcoHome - Campaign 10,EcoHome - AdGroup 2,keyword: air freshener home,Exact,air freshener home,12,0,0.0,0.0,0.0,0.0,0.0,0.0,0,0,0.0,0,0,0.0,0
2023-04-10,2023-04-10,Harveast - ESF,USD,EcoHome - Campaign 10,EcoHome - AdGroup 2,keyword: air freshener home,Phrase,air freshener home,129,0,0.0,0.0,0.0,0.0,0.0,0.0,0,0,0.0,0,0,0.0,0
2023-06-19,2023-06-19,Harveast - ESF,USD,EcoHome - Campaign 10,EcoHome - AdGroup 2,keyword: air freshener home,Exact,air freshener home,13,0,0.0,0.0,0.0,0.0,0.0,0.0,0,0,0.0,0,0,0.0,0
2023-11-13,2023-11-13,Harveast - ESF,USD,EcoHome - Campaign 10,EcoHome - AdGroup 2,keyword: essential oil diffuser,Phrase,essential oil diffuser,230,1,0.0043,1.08,1.08,1.37,0.7883,1.2685,0,0,0.0,0,0,1.37,0
2023-05-01,2023-05-01,Harveast - ESF,USD,EcoHome - Campaign 10,EcoHome - AdGroup 2,keyword: essential oil diffuser,Exact,essential oil diffuser,1,0,0.0,0.0,0.0,0.0,0.0,0.0,0,0,0.0,0,0,0.0,0
2023-01-30,2023-01-30,Harveast - ESF,USD,EcoHome - Campaign 10,EcoHome - AdGroup 2,keyword: essential oil diffuser,Phrase,essential oil diffuser,152,0,0.0,0.0,0.0,0.0,0.0,0.0,0,0,0.0,0,0,0.0,0
2023-03-20,2023-03-20,Harveast - ESF,USD,EcoHome - Campaign 10,EcoHome - AdGroup 2,keyword: vegan snack pack,Exact,vegan snack pack,280,3,0.0107,1.17,3.51,13.29,0.2641,3.7863,0,0,0.0,0,0,13.29,0
2023-02-06,2023-02-06,Harveast - ESF,USD,EcoHome - Campaign 10,EcoHome - AdGroup 2,keyword: vegan snack pack,Exact,vegan snack pack,24,0,0.0,0.0,0.0,0.0,0.0,0.0,0,0,0.0,0,0,0.0,0
2023-06-26,2023-06-26,Harveast - ESF,USD,EcoHome - Campaign 10,EcoHome - AdGroup 2,keyword: vegan snack pack,Broad,vegan snack pack,103,0,0.0,0.0,0.0,0.0,0.0,0.0,0,0,0.0,0,0,0.0,0
2023-04-24,2023-04-24,Harveast - ESF,USD,EcoHome - Campaign 10,EcoHome - AdGroup 2,keyword: aromatherapy oil,Exact,aromatherapy oil,705,0,0.0,0.0,0.0,0.0,0.0,0.0,0,0,0.0,0,0,0.0,0
2023-10-30,2023-10-30,Harveast - ESF,USD,EcoHome - Campaign 10,EcoHome - AdGroup 2,keyword: aromatherapy oil,Phrase,aromatherapy oil,695,2,0.0029,1.06,2.12,3.44,0.6163,1.6226,0,0,0.0,0,0,3.44,0
2023-07-10,2023-07-10,Harveast - ESF,USD,EcoHome - Campaign 10,EcoHome - AdGroup 2,keyword: aromatherapy oil,Broad,aromatherapy oil,431,4,0.0093,0.91,3.62,4.93,0.7343,1.3619,0,0,0.0,0,0,4.93,0
2023-08-28,2023-08-28,Bioblas - ESF,USD,VitaGreen - Campaign 10,VitaGreen - AdGroup 3,keyword: spa gift set,Phrase,spa gift set,348,0,0.0,0.0,0.0,0.0,0.0,0.0,0,0,0.0,0,0,0.0,0
2023-12-04,2023-12-04,Bioblas - ESF,USD,VitaGreen - Campaign 10,VitaGreen - AdGroup 3,keyword: spa gift set,Phrase,spa gift set,526,3,0.0057,1.35,4.06,14.53,0.2794,3.5788,0,0,0.0,0,0,14.53,0
2023-07-17,2023-07-17,Bioblas - ESF,USD,VitaGreen - Campaign 10,VitaGreen - AdGroup 3,keyword: spa gift set,Broad,spa gift set,89,0,0.0,0.0,0.0,0.0,0.0,0.0,0,0,0.0,0,0,0.0,0
2023-06-26,2023-06-26,Bioblas - ESF,USD,VitaGreen - Campaign 10,VitaGreen - AdGroup 3,keyword: premium bath towels,Phrase,premium bath towels,709,5,0.0071,1.38,6.91,10.67,0.6476,1.5441,0,0,0.0,0,0,10.67,0
2023-09-04,2023-09-04,Bioblas - ESF,USD,VitaGreen - Campaign 10,VitaGreen - AdGroup 3,keyword: premium bath towels,Phrase,premium bath towels,439,0,0.0,0.0,0.0,0.0,0.0,0.0,0,0,0.0,0,0,0.0,0
2023-12-25,2023-12-25,Bioblas - ESF,USD,VitaGreen - Campaign 10,VitaGreen - AdGroup 3,keyword: premium bath towels,Exact,premium bath towels,224,0,0.0,0.0,0.0,0.0,0.0,0.0,0,0,0.0,0,0,0.0,0
2023-01-16,2023-01-16,Bioblas - ESF,USD,VitaGreen - Campaign 10,VitaGreen - AdGroup 3,keyword: massage oil relaxing,Broad,massage oil relaxing,30,0,0.0,0.0,0.0,0.0,0.0,0.0,0,0,0.0,0,0,0.0,0
2023-01-23,2023-01-23,Bioblas - ESF,USD,VitaGreen - Campaign 10,VitaGreen - AdGroup 3,keyword: massage oil relaxing,Exact,massage oil relaxing,411,0,0.0,0.0,0.0,0.0,0.0,0.0,0,0,0.0,0,0,0.0,0
2023-03-06,2023-03-06,Bioblas - ESF,USD,VitaGreen - Campaign 10,VitaGreen - AdGroup 3,keyword: massage oil relaxing,Phrase,massage oil relaxing,58,0,0.0,0.0,0.0,0.0,0.0,0.0,0,0,0.0,0,0,0.0,0
2023-10-16,2023-10-16,Bioblas - ESF,USD,VitaGreen - Campaign 10,VitaGreen - AdGroup 3,keyword: desk accessories,Phrase,desk accessories,71,0,0.0,0.0,0.0,0.0,0.0,0.0,0,0,0.0,0,0,0.0,0
2023-09-04,2023-09-04,Bioblas - ESF,USD,VitaGreen - Campaign 10,VitaGreen - AdGroup 3,keyword: desk accessories,Broad,desk accessories,7,0,0.0,0.0,0.0,0.0,0.0,0.0,0,0,0.0,0,0,0.0,0
2023-06-19,2023-06-19,Bioblas - ESF,USD,VitaGreen - Campaign 10,VitaGreen - AdGroup 3,keyword: desk accessories,Exact,desk accessories,30,0,0.0,0.0,0.0,0.0,0.0,0.0,0,0,0.0,0,0,0.0,0
2023-04-17,2023-04-17,Bioblas - ESF,USD,VitaGreen - Campaign 10,VitaGreen - AdGroup 3,keyword: turkish cotton towel,Broad,turkish cotton towel,606,4,0.0066,1.4,5.59,10.86,0.5147,1.9428,0,0,0.0,0,0,10.86,0
2023-07-17,2023-07-17,Bioblas - ESF,USD,VitaGreen - Campaign 10,VitaGreen - AdGroup 3,keyword: turkish cotton towel,Broad,turkish cotton towel,1285,4,0.0031,0.78,3.1,5.62,0.5516,1.8129,0,0,0.0,0,0,5.62,0
2023-05-01,2023-05-01,Bioblas - ESF,USD,VitaGreen - Campaign 10,VitaGreen - AdGroup 3,keyword: turkish cotton towel,Broad,turkish cotton towel,17,0,0.0,0.0,0.0,0.0,0.0,0.0,0,0,0.0,0,0,0.0,0
2023-07-03,2023-07-03,Orient Therapy - ESF,USD,Halley - Campaign 10,Halley - AdGroup 4,keyword: fitness accessories,Exact,fitness accessories,162,0,0.0,0.0,0.0,0.0,0.0,0.0,0,0,0.0,0,0,0.0,0
2023-07-31,2023-07-31,Orient Therapy - ESF,USD,Halley - Campaign 10,Halley - AdGroup 4,keyword: fitness accessories,Exact,fitness accessories,193,2,0.0104,0.32,0.64,1.4,0.4571,2.1875,0,0,0.0,0,0,1.4,0
2023-09-11,2023-09-11,Orient Therapy - ESF,USD,Halley - Campaign 10,Halley - AdGroup 4,keyword: fitness accessories,Exact,fitness accessories,85,1,0.0118,0.82,0.82,3.25,0.2523,3.9634,0,0,0.0,0,0,3.25,0
2023-09-25,2023-09-25,Orient Therapy - ESF,USD,Halley - Campaign 10,Halley - AdGroup 4,keyword: hiking backpack,Exact,hiking backpack,286,0,0.0,0.0,0.0,0.0,0.0,0.0,0,0,0.0,0,0,0.0,0
2023-12-25,2023-12-25,Orient Therapy - ESF,USD,Halley - Campaign 10,Halley - AdGroup 4,keyword: hiking backpack,Broad,hiking backpack,288,0,0.0,0.0,0.0,0.0,0.0,0.0,0,0,0.0,0,0,0.0,0
2023-01-16,2023-01-16,Orient Therapy - ESF,USD,Halley - Campaign 10,Halley - AdGroup 4,keyword: hiking backpack,Exact,hiking backpack,198,0,0.0,0.0,0.0,0.0,0.0,0.0,0,0,0.0,0,0,0.0,0
2023-12-04,2023-12-04,Orient Therapy - ESF,USD,Halley - Campaign 10,Halley - AdGroup 4,keyword: outdoor gear,Exact,outdoor gear,61,0,0.0,0.0,0.0,0.0,0.0,0.0,0,0,0.0,0,0,0.0,0
2023-07-31,2023-07-31,Orient Therapy - ESF,USD,Halley - Campaign 10,Halley - AdGroup 4,keyword: outdoor gear,Exact,outdoor gear,99,0,0.0,0.0,0.0,0.0,0.0,0.0,0,0,0.0,0,0,0.0,0
2023-06-26,2023-06-26,Orient Therapy - ESF,USD,Halley - Campaign 10,Halley - AdGroup 4,keyword: outdoor gear,Broad,outdoor gear,117,0,0.0,0.0,0.0,0.0,0.0,0.0,0,0,0.0,0,0,0.0,0
2023-02-20,2023-02-20,Orient Therapy - ESF,USD,Halley - Campaign 10,Halley - AdGroup 4,keyword: desk accessories,Exact,desk accessories,567,0,0.0,0.0,0.0,0.0,0.0,0.0,0,0,0.0,0,0,0.0,0
2023-11-06,2023-11-06,Orient Therapy - ESF,USD,Halley - Campaign 10,Halley - AdGroup 4,keyword: desk accessories,Broad,desk accessories,130,0,0.0,0.0,0.0,0.0,0.0,0.0,0,0,0.0,0,0,0.0,0
2023-07-24,2023-07-24,Orient Therapy - ESF,USD,Halley - Campaign 10,Halley - AdGroup 4,keyword: desk accessories,Exact,desk accessories,103,0,0.0,0.0,0.0,0.0,0.0,0.0,0,0,0.0,0,0,0.0,0
2023-07-17,2023-07-17,Orient Therapy - ESF,USD,Halley - Campaign 10,Halley - AdGroup 4,keyword: aromatherapy oil,Broad,aromatherapy oil,118,0,0.0,0.0,0.0,0.0,0.0,0.0,0,0,0.0,0,0,0.0,0
2023-01-09,2023-01-09,Orient Therapy - ESF,USD,Halley - Campaign 10,Halley - AdGroup 4,keyword: aromatherapy oil,Exact,aromatherapy oil,630,2,0.0032,1.22,2.43,6.37,0.3815,2.6214,0,0,0.0,0,0,6.37,0
2023-07-03,2023-07-03,Orient Therapy - ESF,USD,Halley - Campaign 10,Halley - AdGroup 4,keyword: aromatherapy oil,Broad,aromatherapy oil,118,0,0.0,0.0,0.0,0.0,0.0,0.0,0,0,0.0,0,0,0.0,0
2023-10-30,2023-10-30,Jumbo Jumble - ESF,USD,Harveast - Campaign 10,Harveast - AdGroup 5,keyword: baby soft towel,Exact,baby soft towel,121,0,0.0,0.0,0.0,0.0,0.0,0.0,0,0,0.0,0,0,0.0,0
2023-09-11,2023-09-11,Jumbo Jumble - ESF,USD,Harveast - Campaign 10,Harveast - AdGroup 5,keyword: baby soft towel,Broad,baby soft towel,160,1,0.0063,0.48,0.48,0.81,0.5926,1.6875,0,0,0.0,0,0,0.81,0
2023-08-28,2023-08-28,Jumbo Jumble - ESF,USD,Harveast - Campaign 10,Harveast - AdGroup 5,keyword: baby soft towel,Broad,baby soft towel,191,0,0.0,0.0,0.0,0.0,0.0,0.0,0,0,0.0,0,0,0.0,0
2023-07-24,2023-07-24,Jumbo Jumble - ESF,USD,Harveast - Campaign 10,Harveast - AdGroup 5,keyword: outdoor gear,Phrase,outdoor gear,110,0,0.0,0.0,0.0,0.0,0.0,0.0,0,0,0.0,0,0,0.0,0
2023-11-27,2023-11-27,Jumbo Jumble - ESF,USD,Harveast - Campaign 10,Harveast - AdGroup 5,keyword: outdoor gear,Broad,outdoor gear,197,1,0.0051,1.03,1.03,4.68,0.2201,4.5437,0,0,0.0,0,0,4.68,0
2023-01-02,2023-01-02,Jumbo Jumble - ESF,USD,Harveast - Campaign 10,Harveast - AdGroup 5,keyword: outdoor gear,Exact,outdoor gear,82,0,0.0,0.0,0.0,0.0,0.0,0.0,0,0,0.0,0,0,0.0,0
2023-08-28,2023-08-28,Jumbo Jumble - ESF,USD,Harveast - Campaign 10,Harveast - AdGroup 5,keyword: gym water bottle,Exact,gym water bottle,131,0,0.0,0.0,0.0,0.0,0.0,0.0,0,0,0.0,0,0,0.0,0
2023-10-30,2023-10-30,Jumbo Jumble - ESF,USD,Harveast - Campaign 10,Harveast - AdGroup 5,keyword: gym water bottle,Exact,gym water bottle,1483,7,0.0047,1.23,8.58,11.14,0.7702,1.2984,0,0,0.0,0,0,11.14,0
2023-10-23,2023-10-23,Jumbo Jumble - ESF,USD,Harveast - Campaign 10,Harveast - AdGroup 5,keyword: gym water bottle,Phrase,gym water bottle,157,0,0.0,0.0,0.0,0.0,0.0,0.0,0,0,0.0,0,0,0.0,0
2023-06-05,2023-06-05,Jumbo Jumble - ESF,USD,Harveast - Campaign 10,Harveast - AdGroup 5,keyword: newborn bath set,Broad,newborn bath set,34,0,0.0,0.0,0.0,0.0,0.0,0.0,0,0,0.0,0,0,0.0,0
2023-12-11,2023-12-11,Jumbo Jumble - ESF,USD,Harveast - Campaign 10,Harveast - AdGroup 5,keyword: newborn bath set,Broad,newborn bath set,51,0,0.0,0.0,0.0,0.0,0.0,0.0,0,0,0.0,0,0,0.0,0
2023-09-11,2023-09-11,Jumbo Jumble - ESF,USD,Harveast - Campaign 10,Harveast - AdGroup 5,keyword: newborn bath set,Broad,newborn bath set,304,1,0.0033,1.04,1.04,1.54,0.6753,1.4808,0,0,0.0,0,0,1.54,0
2023-06-12,2023-06-12,Jumbo Jumble - ESF,USD,Harveast - Campaign 10,Harveast - AdGroup 5,keyword: turkish cotton towel,Exact,turkish cotton towel,218,1,0.0046,0.94,0.94,1.22,0.7705,1.2979,0,0,0.0,0,0,1.22,0
2023-04-24,2023-04-24,Jumbo Jumble - ESF,USD,Harveast - Campaign 10,Harveast - AdGroup 5,keyword: turkish cotton towel,Phrase,turkish cotton towel,94,0,0.0,0.0,0.0,0.0,0.0,0.0,0,0,0.0,0,0,0.0,0
2023-09-25,2023-09-25,Jumbo Jumble - ESF,USD,Harveast - Campaign 10,Harveast - AdGroup 5,keyword: turkish cotton towel,Broad,turkish cotton towel,459,0,0.0,0.0,0.0,0.0,0.0,0.0,0,0,0.0,0,0,0.0,0
